 /*******************************************************************************************************************
   *******************************************************************************************************************
   *******************************************************************************************************************/

INSERT INTO common_code
  (code_key, code_value)
VALUES
  ('SCHEDULE_SERVER_ID', '001');

  /*******************************************************************************************************************
   *******************************************************************************************************************
   *******************************************************************************************************************/

INSERT INTO ipinfo
  (ip_address, browser_type, device_type, use_type, login_id_naver, login_pwd_naver, login_id_daum, login_pwd_daum)
VALUES
  ('115.144.136.133:8261', 'I', 'M', 'N', '', '', '', '');

INSERT INTO ipinfo
  (ip_address, browser_type, device_type, use_type, login_id_naver, login_pwd_naver, login_id_daum, login_pwd_daum)
VALUES
  ('115.144.138.2:8270', 'I', 'M', 'N', '', '', '', '');

INSERT INTO ipinfo
  (ip_address, browser_type, device_type, use_type, login_id_naver, login_pwd_naver, login_id_daum, login_pwd_daum)
VALUES
  ('115.144.151.46:8304', 'C', 'W', 'N', '', '', '', '');

INSERT INTO ipinfo
  (ip_address, browser_type, device_type, use_type, login_id_naver, login_pwd_naver, login_id_daum, login_pwd_daum)
VALUES
  ('115.144.187.60:8404', 'C', 'W', 'N', '', '', '', '');

INSERT INTO ipinfo
  (ip_address, browser_type, device_type, use_type, login_id_naver, login_pwd_naver, login_id_daum, login_pwd_daum)
VALUES
  ('115.144.190.109:8417', 'I', 'M', 'L', 'naver03', 'naverpwd03', 'daum04', 'daumpwd04');

INSERT INTO ipinfo
  (ip_address, browser_type, device_type, use_type, login_id_naver, login_pwd_naver, login_id_daum, login_pwd_daum)
VALUES
  ('115.144.204.51:3275', 'I', 'M', 'N', '', '', '', '');

INSERT INTO ipinfo
  (ip_address, browser_type, device_type, use_type, login_id_naver, login_pwd_naver, login_id_daum, login_pwd_daum)
VALUES
  ('115.144.214.5:8471', 'C', 'W', 'N', '', '', '', '');

INSERT INTO ipinfo
  (ip_address, browser_type, device_type, use_type, login_id_naver, login_pwd_naver, login_id_daum, login_pwd_daum)
VALUES
  ('115.144.215.53:8477', 'F', 'M', 'N', '', '', '', '');

INSERT INTO ipinfo
  (ip_address, browser_type, device_type, use_type, login_id_naver, login_pwd_naver, login_id_daum, login_pwd_daum)
VALUES
  ('115.144.244.74:9362', 'F', 'M', 'N', '', '', '', '');

INSERT INTO ipinfo
  (ip_address, browser_type, device_type, use_type, login_id_naver, login_pwd_naver, login_id_daum, login_pwd_daum)
VALUES
  ('115.144.248.102:9378', 'C', 'W', 'N', '', '', '', '');

INSERT INTO ipinfo
  (ip_address, browser_type, device_type, use_type, login_id_naver, login_pwd_naver, login_id_daum, login_pwd_daum)
VALUES
  ('115.144.248.98:9374', 'I', 'M', 'N', '', '', '', '');

INSERT INTO ipinfo
  (ip_address, browser_type, device_type, use_type, login_id_naver, login_pwd_naver, login_id_daum, login_pwd_daum)
VALUES
  ('115.144.26.3:3354', 'F', 'M', 'N', '', '', '', '');

INSERT INTO ipinfo
  (ip_address, browser_type, device_type, use_type, login_id_naver, login_pwd_naver, login_id_daum, login_pwd_daum)
VALUES
  ('115.144.40.107:9435', 'C', 'W', 'N', '', '', '', '');

INSERT INTO ipinfo
  (ip_address, browser_type, device_type, use_type, login_id_naver, login_pwd_naver, login_id_daum, login_pwd_daum)
VALUES
  ('115.144.44.221:3547', 'C', 'W', 'N', '', '', '', '');

INSERT INTO ipinfo
  (ip_address, browser_type, device_type, use_type, login_id_naver, login_pwd_naver, login_id_daum, login_pwd_daum)
VALUES
  ('115.144.46.60:9460', 'I', 'M', 'N', '', '', '', '');

INSERT INTO ipinfo
  (ip_address, browser_type, device_type, use_type, login_id_naver, login_pwd_naver, login_id_daum, login_pwd_daum)
VALUES
  ('115.144.50.54:9474', 'I', 'M', 'N', '', '', '', '');

INSERT INTO ipinfo
  (ip_address, browser_type, device_type, use_type, login_id_naver, login_pwd_naver, login_id_daum, login_pwd_daum)
VALUES
  ('115.144.53.38:3635', 'C', 'W', 'L', 'naver04', 'naverpwd04', 'daum05', 'daumpwd05');

INSERT INTO ipinfo
  (ip_address, browser_type, device_type, use_type, login_id_naver, login_pwd_naver, login_id_daum, login_pwd_daum)
VALUES
  ('115.144.67.138:9518', 'I', 'M', 'N', '', '', '', '');

INSERT INTO ipinfo
  (ip_address, browser_type, device_type, use_type, login_id_naver, login_pwd_naver, login_id_daum, login_pwd_daum)
VALUES
  ('115.144.73.149:9539', 'I', 'W', 'N', '', '', '', '');

INSERT INTO ipinfo
  (ip_address, browser_type, device_type, use_type, login_id_naver, login_pwd_naver, login_id_daum, login_pwd_daum)
VALUES
  ('115.144.87.4:9574', 'C', 'W', 'N', '', '', '', '');

INSERT INTO ipinfo
  (ip_address, browser_type, device_type, use_type, login_id_naver, login_pwd_naver, login_id_daum, login_pwd_daum)
VALUES
  ('115.144.91.49:9595', 'C', 'W', 'N', '', '', '', '');

INSERT INTO ipinfo
  (ip_address, browser_type, device_type, use_type, login_id_naver, login_pwd_naver, login_id_daum, login_pwd_daum)
VALUES
  ('115.144.91.52:9598', 'I', 'M', 'N', '', '', '', '');

INSERT INTO ipinfo
  (ip_address, browser_type, device_type, use_type, login_id_naver, login_pwd_naver, login_id_daum, login_pwd_daum)
VALUES
  ('121.126.117.25:9649', 'C', 'W', 'N', '', '', '', '');

INSERT INTO ipinfo
  (ip_address, browser_type, device_type, use_type, login_id_naver, login_pwd_naver, login_id_daum, login_pwd_daum)
VALUES
  ('121.126.135.37:9707', 'F', 'M', 'L', 'naver02', 'naverpwd02', 'daum02', 'daumpwd02');

INSERT INTO ipinfo
  (ip_address, browser_type, device_type, use_type, login_id_naver, login_pwd_naver, login_id_daum, login_pwd_daum)
VALUES
  ('121.126.137.77:9713', 'I', 'M', 'N', '', '', '', '');

INSERT INTO ipinfo
  (ip_address, browser_type, device_type, use_type, login_id_naver, login_pwd_naver, login_id_daum, login_pwd_daum)
VALUES
  ('121.126.180.50:9800', 'I', 'M', 'N', '', '', '', '');

INSERT INTO ipinfo
  (ip_address, browser_type, device_type, use_type, login_id_naver, login_pwd_naver, login_id_daum, login_pwd_daum)
VALUES
  ('121.126.182.17:9805', 'I', 'M', 'N', '', '', '', '');

INSERT INTO ipinfo
  (ip_address, browser_type, device_type, use_type, login_id_naver, login_pwd_naver, login_id_daum, login_pwd_daum)
VALUES
  ('121.126.187.14:9828', 'C', 'W', 'N', '', '', '', '');

INSERT INTO ipinfo
  (ip_address, browser_type, device_type, use_type, login_id_naver, login_pwd_naver, login_id_daum, login_pwd_daum)
VALUES
  ('121.126.194.117:9839', 'C', 'W', 'N', '', '', '', '');

INSERT INTO ipinfo
  (ip_address, browser_type, device_type, use_type, login_id_naver, login_pwd_naver, login_id_daum, login_pwd_daum)
VALUES
  ('121.126.194.118:9840', 'C', 'W', 'N', '', '', '', '');

INSERT INTO ipinfo
  (ip_address, browser_type, device_type, use_type, login_id_naver, login_pwd_naver, login_id_daum, login_pwd_daum)
VALUES
  ('121.126.195.197:6039', 'F', 'M', 'N', '', '', '', '');

INSERT INTO ipinfo
  (ip_address, browser_type, device_type, use_type, login_id_naver, login_pwd_naver, login_id_daum, login_pwd_daum)
VALUES
  ('121.126.205.52:4376', 'I', 'M', 'N', '', '', '', '');

INSERT INTO ipinfo
  (ip_address, browser_type, device_type, use_type, login_id_naver, login_pwd_naver, login_id_daum, login_pwd_daum)
VALUES
  ('121.126.231.171:8529', 'C', 'W', 'N', '', '', '', '');

INSERT INTO ipinfo
  (ip_address, browser_type, device_type, use_type, login_id_naver, login_pwd_naver, login_id_daum, login_pwd_daum)
VALUES
  ('121.126.232.181:8537', 'F', 'M', 'N', '', '', '', '');

INSERT INTO ipinfo
  (ip_address, browser_type, device_type, use_type, login_id_naver, login_pwd_naver, login_id_daum, login_pwd_daum)
VALUES
  ('121.126.238.18:8546', 'C', 'W', 'N', '', '', '', '');

INSERT INTO ipinfo
  (ip_address, browser_type, device_type, use_type, login_id_naver, login_pwd_naver, login_id_daum, login_pwd_daum)
VALUES
  ('121.126.25.81:8563', 'C', 'W', 'N', '', '', '', '');

INSERT INTO ipinfo
  (ip_address, browser_type, device_type, use_type, login_id_naver, login_pwd_naver, login_id_daum, login_pwd_daum)
VALUES
  ('121.126.28.44:8572', 'I', 'M', 'N', '', '', '', '');

INSERT INTO ipinfo
  (ip_address, browser_type, device_type, use_type, login_id_naver, login_pwd_naver, login_id_daum, login_pwd_daum)
VALUES
  ('121.126.43.34:8606', 'C', 'W', 'N', '', '', '', '');

INSERT INTO ipinfo
  (ip_address, browser_type, device_type, use_type, login_id_naver, login_pwd_naver, login_id_daum, login_pwd_daum)
VALUES
  ('121.126.56.198:8640', 'F', 'M', 'N', '', '', '', '');

INSERT INTO ipinfo
  (ip_address, browser_type, device_type, use_type, login_id_naver, login_pwd_naver, login_id_daum, login_pwd_daum)
VALUES
  ('121.126.79.67:8703', 'I', 'W', 'N', '', '', '', '');

INSERT INTO ipinfo
  (ip_address, browser_type, device_type, use_type, login_id_naver, login_pwd_naver, login_id_daum, login_pwd_daum)
VALUES
  ('121.126.9.2:8726', 'F', 'M', 'N', '', '', '', '');

INSERT INTO ipinfo
  (ip_address, browser_type, device_type, use_type, login_id_naver, login_pwd_naver, login_id_daum, login_pwd_daum)
VALUES
  ('121.126.96.46:8742', 'I', 'M', 'N', '', '', '', '');

INSERT INTO ipinfo
  (ip_address, browser_type, device_type, use_type, login_id_naver, login_pwd_naver, login_id_daum, login_pwd_daum)
VALUES
  ('124.198.0.10:9902', 'C', 'W', 'L', '', '', 'daum03', 'daumpwd03');

INSERT INTO ipinfo
  (ip_address, browser_type, device_type, use_type, login_id_naver, login_pwd_naver, login_id_daum, login_pwd_daum)
VALUES
  ('124.198.103.43:9915', 'F', 'M', 'N', '', '', '', '');

INSERT INTO ipinfo
  (ip_address, browser_type, device_type, use_type, login_id_naver, login_pwd_naver, login_id_daum, login_pwd_daum)
VALUES
  ('124.198.104.2:9920', 'C', 'W', 'N', '', '', '', '');

INSERT INTO ipinfo
  (ip_address, browser_type, device_type, use_type, login_id_naver, login_pwd_naver, login_id_daum, login_pwd_daum)
VALUES
  ('124.198.104.5:9923', 'C', 'W', 'N', '', '', '', '');

INSERT INTO ipinfo
  (ip_address, browser_type, device_type, use_type, login_id_naver, login_pwd_naver, login_id_daum, login_pwd_daum)
VALUES
  ('124.198.112.38:9942', 'F', 'M', 'N', '', '', '', '');

INSERT INTO ipinfo
  (ip_address, browser_type, device_type, use_type, login_id_naver, login_pwd_naver, login_id_daum, login_pwd_daum)
VALUES
  ('124.198.117.101:9953', 'C', 'W', 'N', '', '', '', '');

INSERT INTO ipinfo
  (ip_address, browser_type, device_type, use_type, login_id_naver, login_pwd_naver, login_id_daum, login_pwd_daum)
VALUES
  ('124.198.121.171:9969', 'I', 'W', 'N', '', '', '', '');

INSERT INTO ipinfo
  (ip_address, browser_type, device_type, use_type, login_id_naver, login_pwd_naver, login_id_daum, login_pwd_daum)
VALUES
  ('124.198.19.146:10001', 'I', 'M', 'N', '', '', '', '');

INSERT INTO ipinfo
  (ip_address, browser_type, device_type, use_type, login_id_naver, login_pwd_naver, login_id_daum, login_pwd_daum)
VALUES
  ('124.198.26.7:6634', 'F', 'M', 'N', '', '', '', '');

INSERT INTO ipinfo
  (ip_address, browser_type, device_type, use_type, login_id_naver, login_pwd_naver, login_id_daum, login_pwd_daum)
VALUES
  ('124.198.29.202:10001', 'I', 'M', 'N', '', '', '', '');

INSERT INTO ipinfo
  (ip_address, browser_type, device_type, use_type, login_id_naver, login_pwd_naver, login_id_daum, login_pwd_daum)
VALUES
  ('124.198.33.217:10000', 'F', 'M', 'N', '', '', '', '');

INSERT INTO ipinfo
  (ip_address, browser_type, device_type, use_type, login_id_naver, login_pwd_naver, login_id_daum, login_pwd_daum)
VALUES
  ('124.198.36.135:6841', 'F', 'M', 'N', '', '', '', '');

INSERT INTO ipinfo
  (ip_address, browser_type, device_type, use_type, login_id_naver, login_pwd_naver, login_id_daum, login_pwd_daum)
VALUES
  ('124.198.39.38:4845', 'C', 'W', 'N', '', '', '', '');

INSERT INTO ipinfo
  (ip_address, browser_type, device_type, use_type, login_id_naver, login_pwd_naver, login_id_daum, login_pwd_daum)
VALUES
  ('124.198.44.17:10000', 'C', 'W', 'N', '', '', '', '');

INSERT INTO ipinfo
  (ip_address, browser_type, device_type, use_type, login_id_naver, login_pwd_naver, login_id_daum, login_pwd_daum)
VALUES
  ('124.198.48.78:8790', 'C', 'W', 'N', '', '', '', '');

INSERT INTO ipinfo
  (ip_address, browser_type, device_type, use_type, login_id_naver, login_pwd_naver, login_id_daum, login_pwd_daum)
VALUES
  ('124.198.55.99:7005', 'C', 'W', 'N', '', '', '', '');

INSERT INTO ipinfo
  (ip_address, browser_type, device_type, use_type, login_id_naver, login_pwd_naver, login_id_daum, login_pwd_daum)
VALUES
  ('124.198.64.20:8818', 'C', 'W', 'N', '', '', '', '');

INSERT INTO ipinfo
  (ip_address, browser_type, device_type, use_type, login_id_naver, login_pwd_naver, login_id_daum, login_pwd_daum)
VALUES
  ('124.198.87.37:8849', 'I', 'W', 'N', '', '', '', '');

INSERT INTO ipinfo
  (ip_address, browser_type, device_type, use_type, login_id_naver, login_pwd_naver, login_id_daum, login_pwd_daum)
VALUES
  ('125.7.128.68:10003', 'F', 'M', 'N', '', '', '', '');

INSERT INTO ipinfo
  (ip_address, browser_type, device_type, use_type, login_id_naver, login_pwd_naver, login_id_daum, login_pwd_daum)
VALUES
  ('125.7.128.93:7318', 'I', 'W', 'N', '', '', '', '');

INSERT INTO ipinfo
  (ip_address, browser_type, device_type, use_type, login_id_naver, login_pwd_naver, login_id_daum, login_pwd_daum)
VALUES
  ('125.7.136.196:10003', 'I', 'M', 'N', '', '', '', '');

INSERT INTO ipinfo
  (ip_address, browser_type, device_type, use_type, login_id_naver, login_pwd_naver, login_id_daum, login_pwd_daum)
VALUES
  ('125.7.156.10:10001', 'F', 'M', 'N', '', '', '', '');

INSERT INTO ipinfo
  (ip_address, browser_type, device_type, use_type, login_id_naver, login_pwd_naver, login_id_daum, login_pwd_daum)
VALUES
  ('125.7.156.13:10004', 'I', 'M', 'L', 'naver01', 'naverpwd01', 'daum01', 'daumpwd01');

INSERT INTO ipinfo
  (ip_address, browser_type, device_type, use_type, login_id_naver, login_pwd_naver, login_id_daum, login_pwd_daum)
VALUES
  ('125.7.156.194:7507', 'F', 'M', 'N', '', '', '', '');

INSERT INTO ipinfo
  (ip_address, browser_type, device_type, use_type, login_id_naver, login_pwd_naver, login_id_daum, login_pwd_daum)
VALUES
  ('125.7.163.5:10004', 'F', 'M', 'N', '', '', '', '');

INSERT INTO ipinfo
  (ip_address, browser_type, device_type, use_type, login_id_naver, login_pwd_naver, login_id_daum, login_pwd_daum)
VALUES
  ('125.7.166.69:10004', 'I', 'W', 'N', '', '', '', '');

INSERT INTO ipinfo
  (ip_address, browser_type, device_type, use_type, login_id_naver, login_pwd_naver, login_id_daum, login_pwd_daum)
VALUES
  ('125.7.175.4:8902', 'F', 'M', 'N', '', '', '', '');

INSERT INTO ipinfo
  (ip_address, browser_type, device_type, use_type, login_id_naver, login_pwd_naver, login_id_daum, login_pwd_daum)
VALUES
  ('125.7.187.18:8924', 'C', 'W', 'N', '', '', '', '');

INSERT INTO ipinfo
  (ip_address, browser_type, device_type, use_type, login_id_naver, login_pwd_naver, login_id_daum, login_pwd_daum)
VALUES
  ('183.78.150.59:8961', 'C', 'W', 'N', '', '', '', '');

INSERT INTO ipinfo
  (ip_address, browser_type, device_type, use_type, login_id_naver, login_pwd_naver, login_id_daum, login_pwd_daum)
VALUES
  ('203.109.1.129:10000', 'I', 'M', 'N', '', '', '', '');

INSERT INTO ipinfo
  (ip_address, browser_type, device_type, use_type, login_id_naver, login_pwd_naver, login_id_daum, login_pwd_daum)
VALUES
  ('203.109.1.133:10004', 'I', 'M', 'N', '', '', '', '');

INSERT INTO ipinfo
  (ip_address, browser_type, device_type, use_type, login_id_naver, login_pwd_naver, login_id_daum, login_pwd_daum)
VALUES
  ('203.109.13.27:10002', 'C', 'W', 'N', '', '', '', '');

INSERT INTO ipinfo
  (ip_address, browser_type, device_type, use_type, login_id_naver, login_pwd_naver, login_id_daum, login_pwd_daum)
VALUES
  ('203.109.28.49:8995', 'C', 'W', 'N', '', '', '', '');

INSERT INTO ipinfo
  (ip_address, browser_type, device_type, use_type, login_id_naver, login_pwd_naver, login_id_daum, login_pwd_daum)
VALUES
  ('203.109.28.50:8996', 'I', 'M', 'N', '', '', '', '');

INSERT INTO ipinfo
  (ip_address, browser_type, device_type, use_type, login_id_naver, login_pwd_naver, login_id_daum, login_pwd_daum)
VALUES
  ('203.109.31.42:9002', 'C', 'W', 'N', '', '', '', '');

INSERT INTO ipinfo
  (ip_address, browser_type, device_type, use_type, login_id_naver, login_pwd_naver, login_id_daum, login_pwd_daum)
VALUES
  ('203.109.8.94:9024', 'F', 'M', 'N', '', '', '', '');

INSERT INTO ipinfo
  (ip_address, browser_type, device_type, use_type, login_id_naver, login_pwd_naver, login_id_daum, login_pwd_daum)
VALUES
  ('203.109.9.50:9026', 'C', 'W', 'N', '', '', '', '');

INSERT INTO ipinfo
  (ip_address, browser_type, device_type, use_type, login_id_naver, login_pwd_naver, login_id_daum, login_pwd_daum)
VALUES
  ('49.254.114.34:5055', 'I', 'W', 'N', '', '', '', '');

INSERT INTO ipinfo
  (ip_address, browser_type, device_type, use_type, login_id_naver, login_pwd_naver, login_id_daum, login_pwd_daum)
VALUES
  ('49.254.118.1:9067', 'I', 'M', 'N', '', '', '', '');

INSERT INTO ipinfo
  (ip_address, browser_type, device_type, use_type, login_id_naver, login_pwd_naver, login_id_daum, login_pwd_daum)
VALUES
  ('49.254.119.20:9076', 'C', 'W', 'N', '', '', '', '');

INSERT INTO ipinfo
  (ip_address, browser_type, device_type, use_type, login_id_naver, login_pwd_naver, login_id_daum, login_pwd_daum)
VALUES
  ('49.254.123.197:9089', 'I', 'M', 'N', '', '', '', '');

INSERT INTO ipinfo
  (ip_address, browser_type, device_type, use_type, login_id_naver, login_pwd_naver, login_id_daum, login_pwd_daum)
VALUES
  ('49.254.124.2:9092', 'I', 'M', 'N', '', '', '', '');

INSERT INTO ipinfo
  (ip_address, browser_type, device_type, use_type, login_id_naver, login_pwd_naver, login_id_daum, login_pwd_daum)
VALUES
  ('49.254.133.89:9115', 'C', 'W', 'N', '', '', '', '');

INSERT INTO ipinfo
  (ip_address, browser_type, device_type, use_type, login_id_naver, login_pwd_naver, login_id_daum, login_pwd_daum)
VALUES
  ('49.254.176.29:9185', 'C', 'W', 'N', '', '', '', '');

INSERT INTO ipinfo
  (ip_address, browser_type, device_type, use_type, login_id_naver, login_pwd_naver, login_id_daum, login_pwd_daum)
VALUES
  ('49.254.19.194:9206', 'C', 'W', 'N', '', '', '', '');

INSERT INTO ipinfo
  (ip_address, browser_type, device_type, use_type, login_id_naver, login_pwd_naver, login_id_daum, login_pwd_daum)
VALUES
  ('49.254.190.17:9211', 'I', 'W', 'N', '', '', '', '');

INSERT INTO ipinfo
  (ip_address, browser_type, device_type, use_type, login_id_naver, login_pwd_naver, login_id_daum, login_pwd_daum)
VALUES
  ('49.254.218.62:9258', 'F', 'M', 'N', '', '', '', '');

INSERT INTO ipinfo
  (ip_address, browser_type, device_type, use_type, login_id_naver, login_pwd_naver, login_id_daum, login_pwd_daum)
VALUES
  ('49.254.225.166:9270', 'I', 'W', 'N', '', '', '', '');

INSERT INTO ipinfo
  (ip_address, browser_type, device_type, use_type, login_id_naver, login_pwd_naver, login_id_daum, login_pwd_daum)
VALUES
  ('49.254.251.17:10000', 'I', 'M', 'N', '', '', '', '');

INSERT INTO ipinfo
  (ip_address, browser_type, device_type, use_type, login_id_naver, login_pwd_naver, login_id_daum, login_pwd_daum)
VALUES
  ('49.254.3.156:10003', 'C', 'W', 'N', '', '', '', '');

INSERT INTO ipinfo
  (ip_address, browser_type, device_type, use_type, login_id_naver, login_pwd_naver, login_id_daum, login_pwd_daum)
VALUES
  ('49.254.30.9:10000', 'I', 'W', 'N', '', '', '', '');

INSERT INTO ipinfo
  (ip_address, browser_type, device_type, use_type, login_id_naver, login_pwd_naver, login_id_daum, login_pwd_daum)
VALUES
  ('49.254.46.61:10004', 'I', 'M', 'N', '', '', '', '');

INSERT INTO ipinfo
  (ip_address, browser_type, device_type, use_type, login_id_naver, login_pwd_naver, login_id_daum, login_pwd_daum)
VALUES
  ('49.254.58.10:10001', 'I', 'M', 'N', '', '', '', '');

INSERT INTO ipinfo
  (ip_address, browser_type, device_type, use_type, login_id_naver, login_pwd_naver, login_id_daum, login_pwd_daum)
VALUES
  ('49.254.67.41:10000', 'I', 'M', 'N', '', '', '', '');

INSERT INTO ipinfo
  (ip_address, browser_type, device_type, use_type, login_id_naver, login_pwd_naver, login_id_daum, login_pwd_daum)
VALUES
  ('49.254.73.117:10004', 'I', 'M', 'N', '', '', '', '');

INSERT INTO ipinfo
  (ip_address, browser_type, device_type, use_type, login_id_naver, login_pwd_naver, login_id_daum, login_pwd_daum)
VALUES
  ('49.254.84.69:10004', 'C', 'W', 'N', '', '', '', '');

INSERT INTO ipinfo
  (ip_address, browser_type, device_type, use_type, login_id_naver, login_pwd_naver, login_id_daum, login_pwd_daum)
VALUES
  ('49.254.9.21:10004', 'C', 'W', 'N', '', '', '', '');

INSERT INTO ipinfo
  (ip_address, browser_type, device_type, use_type, login_id_naver, login_pwd_naver, login_id_daum, login_pwd_daum)
VALUES
  ('49.254.99.34:10001', 'C', 'W', 'N', '', '', '', '');

  /*******************************************************************************************************************
   *******************************************************************************************************************
   *******************************************************************************************************************/
  
  INSERT INTO loginid
  (login_id, passwd, id_type, userid, create_date, update_date)
VALUES
  ('daum01', 'daumpwd01', 'D', '', '20141127233526', '20141127233714');

INSERT INTO loginid
  (login_id, passwd, id_type, userid, create_date, update_date)
VALUES
  ('daum02', 'daumpwd02', 'D', '', '20141127233742', '20141127233742');

INSERT INTO loginid
  (login_id, passwd, id_type, userid, create_date, update_date)
VALUES
  ('daum03', 'daumpwd03', 'D', '', '20141127233747', '20141127233747');

INSERT INTO loginid
  (login_id, passwd, id_type, userid, create_date, update_date)
VALUES
  ('daum04', 'daumpwd04', 'D', '', '20141127233752', '20141127233752');

INSERT INTO loginid
  (login_id, passwd, id_type, userid, create_date, update_date)
VALUES
  ('daum05', 'daumpwd05', 'D', '', '20141127233758', '20141127233758');

INSERT INTO loginid
  (login_id, passwd, id_type, userid, create_date, update_date)
VALUES
  ('naver01', 'naverpwd01', 'N', '', '20141127233450', '20141127233717');

INSERT INTO loginid
  (login_id, passwd, id_type, userid, create_date, update_date)
VALUES
  ('naver02', 'naverpwd02', 'N', '', '20141127233455', '20141127233720');

INSERT INTO loginid
  (login_id, passwd, id_type, userid, create_date, update_date)
VALUES
  ('naver03', 'naverpwd03', 'N', '', '20141127233500', '20141127233723');

INSERT INTO loginid
  (login_id, passwd, id_type, userid, create_date, update_date)
VALUES
  ('naver04', 'naverpwd04', 'N', '', '20141127233505', '20141127233724');

/**********************************************************************************************************************
 * *********************************************************************************************************************
 * *********************************************************************************************************************
 * *********************************************************************************************************************/
  INSERT INTO product
  (product_id, product_name, price, device_type, site_type, task_type, create_date, update_date)
VALUES
  ('AUTODM', '키워드자동완성 다음 모바일사이트', 1000, 'M', 'D', 'A', '20141122114552', '20141122114552');

INSERT INTO product
  (product_id, product_name, price, device_type, site_type, task_type, create_date, update_date)
VALUES
  ('AUTODW', '키워드자동완성 다음 웹사이트', 1000, 'W', 'D', 'A', '20141122114538', '20141122114538');

INSERT INTO product
  (product_id, product_name, price, device_type, site_type, task_type, create_date, update_date)
VALUES
  ('AUTONM', '키워드자동완성 네이버 모바일사이트', 1000, 'M', 'N', 'A', '20141122114512', '20141122114512');

INSERT INTO product
  (product_id, product_name, price, device_type, site_type, task_type, create_date, update_date)
VALUES
  ('AUTONW', '키워드자동완성 네이버 웹사이트', 0, 'W', 'N', 'A', '20141122114455', '20141122114455');

INSERT INTO product
  (product_id, product_name, price, device_type, site_type, task_type, create_date, update_date)
VALUES
  ('BLOGDM', '블로그 순위 올리기 다음 모바일', 1000, 'M', 'D', 'B', '20141122112646', '20141122112646');

INSERT INTO product
  (product_id, product_name, price, device_type, site_type, task_type, create_date, update_date)
VALUES
  ('BLOGDW', '블로그 순위 올리기 다음 웹', 1000, 'W', 'D', 'B', '20141122112716', '20141122112716');

INSERT INTO product
  (product_id, product_name, price, device_type, site_type, task_type, create_date, update_date)
VALUES
  ('BLOGNM', '블로그 순위 올리기 네이버 모바일', 1000, 'M', 'N', 'B', '20141122112610', '20141122112610');

INSERT INTO product
  (product_id, product_name, price, device_type, site_type, task_type, create_date, update_date)
VALUES
  ('BLOGNW', '블로그 순위 올리기 네이버 웹', 3000, 'W', 'N', 'B', '20141122114146', '20141122114146');

INSERT INTO product
  (product_id, product_name, price, device_type, site_type, task_type, create_date, update_date)
VALUES
  ('KEYWDM', '연관키워드 다음 모바일사이트', 1000, 'M', 'D', 'K', '20141122114339', '20141122114339');

INSERT INTO product
  (product_id, product_name, price, device_type, site_type, task_type, create_date, update_date)
VALUES
  ('KEYWDW', '연관키워드 다음 웹사이트', 1000, 'W', 'D', 'K', '20141122114300', '20141122114300');

INSERT INTO product
  (product_id, product_name, price, device_type, site_type, task_type, create_date, update_date)
VALUES
  ('KEYWNM', '연관키워드 네이버 모바일사이트', 1000, 'M', 'N', 'K', '20141122114326', '20141122114326');

INSERT INTO product
  (product_id, product_name, price, device_type, site_type, task_type, create_date, update_date)
VALUES
  ('KEYWNW', '연관키워드 네이버 웹사이트', 1000, 'W', 'N', 'K', '20141122114239', '20141122114239');

INSERT INTO product
  (product_id, product_name, price, device_type, site_type, task_type, create_date, update_date)
VALUES
  ('SITEDM', '순위 올리기 다음 모바일사이트', 1000, 'M', 'D', 'T', '20141122112831', '20141122112831');

INSERT INTO product
  (product_id, product_name, price, device_type, site_type, task_type, create_date, update_date)
VALUES
  ('SITEDW', '순위 올리기 다음 웹사이트', 1000, 'W', 'D', 'T', '20141122112744', '20141122112744');

INSERT INTO product
  (product_id, product_name, price, device_type, site_type, task_type, create_date, update_date)
VALUES
  ('SITENM', '순위 올리기 네이버 모바일사이트', 1000, 'W', 'N', 'T', '20141122113053', '20141122113053');

INSERT INTO product
  (product_id, product_name, price, device_type, site_type, task_type, create_date, update_date)
VALUES
  ('SITENW', '순위 올리기 네이버 웹사이트', 1000, 'W', 'N', 'T', '20141122112809', '20141122113110');

/*******************************************************************************************************************
  *******************************************************************************************************************
  *******************************************************************************************************************/

INSERT INTO purchase
  (purchase_id, user_id, product_id, device_type, site_type, task_type, purchase_date, purchase_amount, purchase_type, used_flag, create_date, update_date)
VALUES
  (2, 'customer01', 'BLOGDW', 'W', 'C', 'B', '20141126', 1000, 'C', 'N', '20141126005814', '20141126005814');

INSERT INTO purchase
  (purchase_id, user_id, product_id, device_type, site_type, task_type, purchase_date, purchase_amount, purchase_type, used_flag, create_date, update_date)
VALUES
  (3, 'customer01', 'BLOGDW', 'W', 'C', 'B', '20141126', 1000, 'C', 'N', '20141126005842', '20141126005842');

INSERT INTO purchase
  (purchase_id, user_id, product_id, device_type, site_type, task_type, purchase_date, purchase_amount, purchase_type, used_flag, create_date, update_date)
VALUES
  (4, 'jjucumi', 'BLOGNM', 'M', 'N', 'B', '20141129', 1000, 'C', 'N', '20141129134009', '20141129143610');

INSERT INTO purchase
  (purchase_id, user_id, product_id, device_type, site_type, task_type, purchase_date, purchase_amount, purchase_type, used_flag, create_date, update_date)
VALUES
  (5, 'jjucumi', 'BLOGNW', 'W', 'N', 'B', '20141129', 3000, 'C', 'N', '20141129143633', '20141129143633');

INSERT INTO purchase
  (purchase_id, user_id, product_id, device_type, site_type, task_type, purchase_date, purchase_amount, purchase_type, used_flag, create_date, update_date)
VALUES
  (6, 'jjucumi', 'BLOGDM', 'M', 'D', 'B', '20141129', 1000, 'C', 'N', '20141129143701', '20141129143701');

INSERT INTO purchase
  (purchase_id, user_id, product_id, device_type, site_type, task_type, purchase_date, purchase_amount, purchase_type, used_flag, create_date, update_date)
VALUES
  (7, 'jjucumi', 'BLOGDW', 'W', 'D', 'B', '20141129', 1000, 'C', 'N', '20141129143714', '20141129143714');

INSERT INTO purchase
  (purchase_id, user_id, product_id, device_type, site_type, task_type, purchase_date, purchase_amount, purchase_type, used_flag, create_date, update_date)
VALUES
  (8, 'meatboy', 'BLOGDM', 'M', 'D', 'B', '20141129', 1000, 'C', 'N', '20141129143733', '20141129143733');

INSERT INTO purchase
  (purchase_id, user_id, product_id, device_type, site_type, task_type, purchase_date, purchase_amount, purchase_type, used_flag, create_date, update_date)
VALUES
  (9, 'meatboy', 'BLOGDW', 'W', 'D', 'B', '20141129', 1000, 'C', 'N', '20141129143738', '20141129143738');

INSERT INTO purchase
  (purchase_id, user_id, product_id, device_type, site_type, task_type, purchase_date, purchase_amount, purchase_type, used_flag, create_date, update_date)
VALUES
  (10, 'take5', 'BLOGNM', 'M', 'N', 'B', '20141129', 1000, 'C', 'N', '20141129143749', '20141129143749');

INSERT INTO purchase
  (purchase_id, user_id, product_id, device_type, site_type, task_type, purchase_date, purchase_amount, purchase_type, used_flag, create_date, update_date)
VALUES
  (11, 'take5', 'BLOGNW', 'W', 'N', 'B', '20141129', 3000, 'C', 'N', '20141129143753', '20141129143753');

INSERT INTO purchase
  (purchase_id, user_id, product_id, device_type, site_type, task_type, purchase_date, purchase_amount, purchase_type, used_flag, create_date, update_date)
VALUES
  (12, 'jjucumi', 'KEYWDM', 'M', 'D', 'K', '20141129', 1000, 'C', 'N', '20141129143815', '20141129143815');

INSERT INTO purchase
  (purchase_id, user_id, product_id, device_type, site_type, task_type, purchase_date, purchase_amount, purchase_type, used_flag, create_date, update_date)
VALUES
  (13, 'jjucumi', 'KEYWDW', 'W', 'D', 'K', '20141129', 1000, 'C', 'N', '20141129143819', '20141129143819');

INSERT INTO purchase
  (purchase_id, user_id, product_id, device_type, site_type, task_type, purchase_date, purchase_amount, purchase_type, used_flag, create_date, update_date)
VALUES
  (14, 'jjucumi', 'KEYWNM', 'M', 'N', 'K', '20141129', 1000, 'C', 'N', '20141129143822', '20141129143822');

INSERT INTO purchase
  (purchase_id, user_id, product_id, device_type, site_type, task_type, purchase_date, purchase_amount, purchase_type, used_flag, create_date, update_date)
VALUES
  (15, 'jjucumi', 'KEYWNW', 'W', 'N', 'K', '20141129', 1000, 'C', 'N', '20141129143825', '20141129143825');

INSERT INTO purchase
  (purchase_id, user_id, product_id, device_type, site_type, task_type, purchase_date, purchase_amount, purchase_type, used_flag, create_date, update_date)
VALUES
  (16, 'meatboy', 'SITEDM', 'M', 'D', 'T', '20141129', 1000, 'C', 'N', '20141129143839', '20141129143839');

INSERT INTO purchase
  (purchase_id, user_id, product_id, device_type, site_type, task_type, purchase_date, purchase_amount, purchase_type, used_flag, create_date, update_date)
VALUES
  (17, 'meatboy', 'SITEDW', 'W', 'D', 'T', '20141129', 1000, 'C', 'N', '20141129143842', '20141129143842');

INSERT INTO purchase
  (purchase_id, user_id, product_id, device_type, site_type, task_type, purchase_date, purchase_amount, purchase_type, used_flag, create_date, update_date)
VALUES
  (18, 'meatboy', 'SITENM', 'W', 'N', 'T', '20141129', 1000, 'C', 'N', '20141129143845', '20141129143845');

INSERT INTO purchase
  (purchase_id, user_id, product_id, device_type, site_type, task_type, purchase_date, purchase_amount, purchase_type, used_flag, create_date, update_date)
VALUES
  (19, 'meatboy', 'SITENW', 'W', 'N', 'T', '20141129', 1000, 'C', 'N', '20141129143848', '20141129143848');

INSERT INTO purchase
  (purchase_id, user_id, product_id, device_type, site_type, task_type, purchase_date, purchase_amount, purchase_type, used_flag, create_date, update_date)
VALUES
  (20, 'take5', 'KEYWDM', 'M', 'D', 'K', '20141129', 1000, 'C', 'N', '20141129143858', '20141129143858');

INSERT INTO purchase
  (purchase_id, user_id, product_id, device_type, site_type, task_type, purchase_date, purchase_amount, purchase_type, used_flag, create_date, update_date)
VALUES
  (21, 'take5', 'KEYWDW', 'W', 'D', 'K', '20141129', 1000, 'C', 'N', '20141129143901', '20141129143901');

INSERT INTO purchase
  (purchase_id, user_id, product_id, device_type, site_type, task_type, purchase_date, purchase_amount, purchase_type, used_flag, create_date, update_date)
VALUES
  (22, 'take5', 'KEYWNM', 'M', 'N', 'K', '20141129', 1000, 'C', 'N', '20141129143905', '20141129143905');

INSERT INTO purchase
  (purchase_id, user_id, product_id, device_type, site_type, task_type, purchase_date, purchase_amount, purchase_type, used_flag, create_date, update_date)
VALUES
  (23, 'take5', 'KEYWNW', 'W', 'N', 'K', '20141129', 1000, 'C', 'N', '20141129143909', '20141129143909');

/*************************************************************************************************************************
 *************************************************************************************************************************
 *************************************************************************************************************************/

INSERT INTO server_info
  (server_id, server_name, real_ip_address, run_status)
VALUES
  ('001', 'server01', '192.168.0.1', 'S');

INSERT INTO server_info
  (server_id, server_name, real_ip_address, run_status)
VALUES
  ('002', 'server02', '192.168.1.1', 'S');

INSERT INTO server_info
  (server_id, server_name, real_ip_address, run_status)
VALUES
  ('003', 'server03', '192.168.2.1', 'S');

INSERT INTO server_info
  (server_id, server_name, real_ip_address, run_status)
VALUES
  ('004', 'server04', '192.168.3.1', 'S');

INSERT INTO server_info
  (server_id, server_name, real_ip_address, run_status)
VALUES
  ('005', 'server05', '192.168.4.1', 'S');

INSERT INTO server_info
  (server_id, server_name, real_ip_address, run_status)
VALUES
  ('006', 'server06', '192.168.5.1', 'S');

 
/************************************************************************************************************************************
  ************************************************************************************************************************************
  ************************************************************************************************************************************/
  
INSERT INTO task
  (task_id, purchase_id, device_type, site_type, start_date, end_date, task_type, target_url, target_name, page_id, keyword1, keyword2, keyword3, keyword4, blog_like_count, daily_hit_count, hour00_hit_count, hour01_hit_count, hour02_hit_count, hour03_hit_count, hour04_hit_count, hour05_hit_count, hour06_hit_count, hour07_hit_count, hour08_hit_count, hour09_hit_count, hour10_hit_count, hour11_hit_count, hour12_hit_count, hour13_hit_count, hour14_hit_count, hour15_hit_count, hour16_hit_count, hour17_hit_count, hour18_hit_count, hour19_hit_count, hour20_hit_count, hour21_hit_count, hour22_hit_count, hour23_hit_count, create_date, update_date)
VALUES
  (88101, 88101, 'M', 'N', '20141025', '20141125', 'B', 'http://blog.daum.net/gangseo/17977374', '김혜자 27년 CF모델 기록 누가 깰 수 있을까?', '17977374', '김혜자', '', '', '', 0, 91, 3, 6, 7, 5, 4, 0, 5, 4, 0, 6, 5, 5, 4, 6, 6, 5, 7, 0, 2, 3, 3, 0, 2, 6, '20141025122510', '20141025122510');

INSERT INTO task
  (task_id, purchase_id, device_type, site_type, start_date, end_date, task_type, target_url, target_name, page_id, keyword1, keyword2, keyword3, keyword4, blog_like_count, daily_hit_count, hour00_hit_count, hour01_hit_count, hour02_hit_count, hour03_hit_count, hour04_hit_count, hour05_hit_count, hour06_hit_count, hour07_hit_count, hour08_hit_count, hour09_hit_count, hour10_hit_count, hour11_hit_count, hour12_hit_count, hour13_hit_count, hour14_hit_count, hour15_hit_count, hour16_hit_count, hour17_hit_count, hour18_hit_count, hour19_hit_count, hour20_hit_count, hour21_hit_count, hour22_hit_count, hour23_hit_count, create_date, update_date)
VALUES
  (88102, 88102, 'M', 'N', '20141025', '20141125', 'B', 'http://jsdian.tistory.com/92', '키아누 리브스는 왜 노숙생활을 하게 된 것일까?', '92', '키아누리브스', '', '', '', 0, 68, 5, 6, 1, 4, 7, 2, 0, 6, 7, 0, 1, 7, 0, 3, 2, 6, 3, 2, 1, 2, 2, 0, 4, 2, '20141025122510', '20141025122510');

INSERT INTO task
  (task_id, purchase_id, device_type, site_type, start_date, end_date, task_type, target_url, target_name, page_id, keyword1, keyword2, keyword3, keyword4, blog_like_count, daily_hit_count, hour00_hit_count, hour01_hit_count, hour02_hit_count, hour03_hit_count, hour04_hit_count, hour05_hit_count, hour06_hit_count, hour07_hit_count, hour08_hit_count, hour09_hit_count, hour10_hit_count, hour11_hit_count, hour12_hit_count, hour13_hit_count, hour14_hit_count, hour15_hit_count, hour16_hit_count, hour17_hit_count, hour18_hit_count, hour19_hit_count, hour20_hit_count, hour21_hit_count, hour22_hit_count, hour23_hit_count, create_date, update_date)
VALUES
  (88103, 88103, 'M', 'N', '20141025', '20141125', 'K', '', '', '', '톰크루즈', '케이티홈즈', '', '', 0, 66, 4, 6, 3, 0, 1, 4, 1, 2, 0, 4, 3, 3, 6, 3, 4, 6, 0, 6, 0, 2, 6, 2, 0, 4, '20141025122510', '20141025122510');

INSERT INTO task
  (task_id, purchase_id, device_type, site_type, start_date, end_date, task_type, target_url, target_name, page_id, keyword1, keyword2, keyword3, keyword4, blog_like_count, daily_hit_count, hour00_hit_count, hour01_hit_count, hour02_hit_count, hour03_hit_count, hour04_hit_count, hour05_hit_count, hour06_hit_count, hour07_hit_count, hour08_hit_count, hour09_hit_count, hour10_hit_count, hour11_hit_count, hour12_hit_count, hour13_hit_count, hour14_hit_count, hour15_hit_count, hour16_hit_count, hour17_hit_count, hour18_hit_count, hour19_hit_count, hour20_hit_count, hour21_hit_count, hour22_hit_count, hour23_hit_count, create_date, update_date)
VALUES
  (88104, 88104, 'M', 'N', '20141025', '20141125', 'T', 'http://dg.cnbnews.com/news/article.html?no=164832', '케이티 홈즈 위자료 "0원 전망...혼전 계약서 때문"', '164832', '케이티홈즈 위자료', '', '', '', 0, 65, 4, 7, 5, 7, 3, 0, 1, 6, 2, 4, 1, 4, 0, 4, 0, 1, 1, 4, 1, 1, 2, 6, 2, 3, '20141025122510', '20141025122510');

INSERT INTO task
  (task_id, purchase_id, device_type, site_type, start_date, end_date, task_type, target_url, target_name, page_id, keyword1, keyword2, keyword3, keyword4, blog_like_count, daily_hit_count, hour00_hit_count, hour01_hit_count, hour02_hit_count, hour03_hit_count, hour04_hit_count, hour05_hit_count, hour06_hit_count, hour07_hit_count, hour08_hit_count, hour09_hit_count, hour10_hit_count, hour11_hit_count, hour12_hit_count, hour13_hit_count, hour14_hit_count, hour15_hit_count, hour16_hit_count, hour17_hit_count, hour18_hit_count, hour19_hit_count, hour20_hit_count, hour21_hit_count, hour22_hit_count, hour23_hit_count, create_date, update_date)
VALUES
  (88201, 18, 'W', 'N', '20141025', '20141125', 'B', 'http://baram4221.blog.me/220168851786', '수유커플마사지 마이타이 수유타이마사지 마이타이 ', '220168851786', '?수유커플마사지', '', '', '', 0, 91, 3, 6, 7, 5, 4, 0, 5, 4, 0, 6, 5, 5, 4, 6, 6, 5, 7, 0, 2, 3, 3, 0, 2, 6, '20141025122510', '20141025122510');

INSERT INTO task
  (task_id, purchase_id, device_type, site_type, start_date, end_date, task_type, target_url, target_name, page_id, keyword1, keyword2, keyword3, keyword4, blog_like_count, daily_hit_count, hour00_hit_count, hour01_hit_count, hour02_hit_count, hour03_hit_count, hour04_hit_count, hour05_hit_count, hour06_hit_count, hour07_hit_count, hour08_hit_count, hour09_hit_count, hour10_hit_count, hour11_hit_count, hour12_hit_count, hour13_hit_count, hour14_hit_count, hour15_hit_count, hour16_hit_count, hour17_hit_count, hour18_hit_count, hour19_hit_count, hour20_hit_count, hour21_hit_count, hour22_hit_count, hour23_hit_count, create_date, update_date)
VALUES
  (88202, 19, 'W', 'N', '20141025', '20141125', 'B', 'http://blog.naver.com/ilovezzangv2/220175100383', '가을 무로 만드는 맛있는 깍두기~', '220175100383', '가을 무', '', '', '', 0, 68, 5, 6, 1, 4, 7, 2, 0, 6, 7, 0, 1, 7, 0, 3, 2, 6, 3, 2, 1, 2, 2, 0, 4, 2, '20141025122510', '20141025122510');

INSERT INTO task
  (task_id, purchase_id, device_type, site_type, start_date, end_date, task_type, target_url, target_name, page_id, keyword1, keyword2, keyword3, keyword4, blog_like_count, daily_hit_count, hour00_hit_count, hour01_hit_count, hour02_hit_count, hour03_hit_count, hour04_hit_count, hour05_hit_count, hour06_hit_count, hour07_hit_count, hour08_hit_count, hour09_hit_count, hour10_hit_count, hour11_hit_count, hour12_hit_count, hour13_hit_count, hour14_hit_count, hour15_hit_count, hour16_hit_count, hour17_hit_count, hour18_hit_count, hour19_hit_count, hour20_hit_count, hour21_hit_count, hour22_hit_count, hour23_hit_count, create_date, update_date)
VALUES
  (88203, 23, 'W', 'N', '20141025', '20141125', 'K', '', '', '', '톰크루즈', '케이티홈즈', '', '', 0, 66, 4, 6, 3, 0, 1, 4, 1, 2, 0, 4, 3, 3, 6, 3, 4, 6, 0, 6, 0, 2, 6, 2, 0, 4, '20141025122510', '20141025122510');

INSERT INTO task
  (task_id, purchase_id, device_type, site_type, start_date, end_date, task_type, target_url, target_name, page_id, keyword1, keyword2, keyword3, keyword4, blog_like_count, daily_hit_count, hour00_hit_count, hour01_hit_count, hour02_hit_count, hour03_hit_count, hour04_hit_count, hour05_hit_count, hour06_hit_count, hour07_hit_count, hour08_hit_count, hour09_hit_count, hour10_hit_count, hour11_hit_count, hour12_hit_count, hour13_hit_count, hour14_hit_count, hour15_hit_count, hour16_hit_count, hour17_hit_count, hour18_hit_count, hour19_hit_count, hour20_hit_count, hour21_hit_count, hour22_hit_count, hour23_hit_count, create_date, update_date)
VALUES
  (88204, 24, 'W', 'N', '20141025', '20141125', 'T', 'http://dg.cnbnews.com/news/article.html?no=164832', '케이티 홈즈 위자료 "0원 전망...혼전 계약서 때문"', '164832', '케이티홈즈 위자료', '', '', '', 0, 65, 4, 7, 5, 7, 3, 0, 1, 6, 2, 4, 1, 4, 0, 4, 0, 1, 1, 4, 1, 1, 2, 6, 2, 3, '20141025122510', '20141025122510');

INSERT INTO task
  (task_id, purchase_id, device_type, site_type, start_date, end_date, task_type, target_url, target_name, page_id, keyword1, keyword2, keyword3, keyword4, blog_like_count, daily_hit_count, hour00_hit_count, hour01_hit_count, hour02_hit_count, hour03_hit_count, hour04_hit_count, hour05_hit_count, hour06_hit_count, hour07_hit_count, hour08_hit_count, hour09_hit_count, hour10_hit_count, hour11_hit_count, hour12_hit_count, hour13_hit_count, hour14_hit_count, hour15_hit_count, hour16_hit_count, hour17_hit_count, hour18_hit_count, hour19_hit_count, hour20_hit_count, hour21_hit_count, hour22_hit_count, hour23_hit_count, create_date, update_date)
VALUES
  (88301, 18, 'M', 'D', '20141025', '20141125', 'B', 'http://blog.daum.net/gangseo/17977374', '김혜자 27년 CF모델 기록 누가 깰 수 있을까?', '17977374', '김혜자', '', '', '', 0, 91, 3, 6, 7, 5, 4, 0, 5, 4, 0, 6, 5, 5, 4, 6, 6, 5, 7, 0, 2, 3, 3, 0, 2, 6, '20141025122510', '20141025122510');

INSERT INTO task
  (task_id, purchase_id, device_type, site_type, start_date, end_date, task_type, target_url, target_name, page_id, keyword1, keyword2, keyword3, keyword4, blog_like_count, daily_hit_count, hour00_hit_count, hour01_hit_count, hour02_hit_count, hour03_hit_count, hour04_hit_count, hour05_hit_count, hour06_hit_count, hour07_hit_count, hour08_hit_count, hour09_hit_count, hour10_hit_count, hour11_hit_count, hour12_hit_count, hour13_hit_count, hour14_hit_count, hour15_hit_count, hour16_hit_count, hour17_hit_count, hour18_hit_count, hour19_hit_count, hour20_hit_count, hour21_hit_count, hour22_hit_count, hour23_hit_count, create_date, update_date)
VALUES
  (88302, 19, 'M', 'D', '20141025', '20141125', 'B', 'http://jsdian.tistory.com/92', '키아누 리브스는 왜 노숙생활을 하게 된 것일까?', '92', '키아누리브스', '', '', '', 0, 68, 5, 6, 1, 4, 7, 2, 0, 6, 7, 0, 1, 7, 0, 3, 2, 6, 3, 2, 1, 2, 2, 0, 4, 2, '20141025122510', '20141025122510');

INSERT INTO task
  (task_id, purchase_id, device_type, site_type, start_date, end_date, task_type, target_url, target_name, page_id, keyword1, keyword2, keyword3, keyword4, blog_like_count, daily_hit_count, hour00_hit_count, hour01_hit_count, hour02_hit_count, hour03_hit_count, hour04_hit_count, hour05_hit_count, hour06_hit_count, hour07_hit_count, hour08_hit_count, hour09_hit_count, hour10_hit_count, hour11_hit_count, hour12_hit_count, hour13_hit_count, hour14_hit_count, hour15_hit_count, hour16_hit_count, hour17_hit_count, hour18_hit_count, hour19_hit_count, hour20_hit_count, hour21_hit_count, hour22_hit_count, hour23_hit_count, create_date, update_date)
VALUES
  (88303, 23, 'M', 'D', '20141025', '20141125', 'K', '', '', '', '톰크루즈', '케이티홈즈', '', '', 0, 66, 4, 6, 3, 0, 1, 4, 1, 2, 0, 4, 3, 3, 6, 3, 4, 6, 0, 6, 0, 2, 6, 2, 0, 4, '20141025122510', '20141025122510');

INSERT INTO task
  (task_id, purchase_id, device_type, site_type, start_date, end_date, task_type, target_url, target_name, page_id, keyword1, keyword2, keyword3, keyword4, blog_like_count, daily_hit_count, hour00_hit_count, hour01_hit_count, hour02_hit_count, hour03_hit_count, hour04_hit_count, hour05_hit_count, hour06_hit_count, hour07_hit_count, hour08_hit_count, hour09_hit_count, hour10_hit_count, hour11_hit_count, hour12_hit_count, hour13_hit_count, hour14_hit_count, hour15_hit_count, hour16_hit_count, hour17_hit_count, hour18_hit_count, hour19_hit_count, hour20_hit_count, hour21_hit_count, hour22_hit_count, hour23_hit_count, create_date, update_date)
VALUES
  (88304, 24, 'M', 'D', '20141025', '20141125', 'T', 'http://dg.cnbnews.com/news/article.html?no=164832', '케이티 홈즈 위자료 "0원 전망...혼전 계약서 때문"', '164832', '케이티홈즈 위자료', '', '', '', 0, 65, 4, 7, 5, 7, 3, 0, 1, 6, 2, 4, 1, 4, 0, 4, 0, 1, 1, 4, 1, 1, 2, 6, 2, 3, '20141025122510', '20141025122510');

INSERT INTO task
  (task_id, purchase_id, device_type, site_type, start_date, end_date, task_type, target_url, target_name, page_id, keyword1, keyword2, keyword3, keyword4, blog_like_count, daily_hit_count, hour00_hit_count, hour01_hit_count, hour02_hit_count, hour03_hit_count, hour04_hit_count, hour05_hit_count, hour06_hit_count, hour07_hit_count, hour08_hit_count, hour09_hit_count, hour10_hit_count, hour11_hit_count, hour12_hit_count, hour13_hit_count, hour14_hit_count, hour15_hit_count, hour16_hit_count, hour17_hit_count, hour18_hit_count, hour19_hit_count, hour20_hit_count, hour21_hit_count, hour22_hit_count, hour23_hit_count, create_date, update_date)
VALUES
  (88401, 18, 'W', 'D', '20141025', '20141125', 'B', 'http://blog.daum.net/gangseo/17977374', '김혜자 27년 CF모델 기록 누가 깰 수 있을까?', '17977374', '김혜자', '', '', '', 0, 91, 3, 6, 7, 5, 4, 0, 5, 4, 0, 6, 5, 5, 4, 6, 6, 5, 7, 0, 2, 3, 3, 0, 2, 6, '20141025122510', '20141025122510');

INSERT INTO task
  (task_id, purchase_id, device_type, site_type, start_date, end_date, task_type, target_url, target_name, page_id, keyword1, keyword2, keyword3, keyword4, blog_like_count, daily_hit_count, hour00_hit_count, hour01_hit_count, hour02_hit_count, hour03_hit_count, hour04_hit_count, hour05_hit_count, hour06_hit_count, hour07_hit_count, hour08_hit_count, hour09_hit_count, hour10_hit_count, hour11_hit_count, hour12_hit_count, hour13_hit_count, hour14_hit_count, hour15_hit_count, hour16_hit_count, hour17_hit_count, hour18_hit_count, hour19_hit_count, hour20_hit_count, hour21_hit_count, hour22_hit_count, hour23_hit_count, create_date, update_date)
VALUES
  (88402, 19, 'W', 'D', '20141025', '20141125', 'B', 'http://jsdian.tistory.com/92', '키아누 리브스는 왜 노숙생활을 하게 된 것일까?', '92', '키아누리브스', '', '', '', 0, 68, 5, 6, 1, 4, 7, 2, 0, 6, 7, 0, 1, 7, 0, 3, 2, 6, 3, 2, 1, 2, 2, 0, 4, 2, '20141025122510', '20141025122510');

INSERT INTO task
  (task_id, purchase_id, device_type, site_type, start_date, end_date, task_type, target_url, target_name, page_id, keyword1, keyword2, keyword3, keyword4, blog_like_count, daily_hit_count, hour00_hit_count, hour01_hit_count, hour02_hit_count, hour03_hit_count, hour04_hit_count, hour05_hit_count, hour06_hit_count, hour07_hit_count, hour08_hit_count, hour09_hit_count, hour10_hit_count, hour11_hit_count, hour12_hit_count, hour13_hit_count, hour14_hit_count, hour15_hit_count, hour16_hit_count, hour17_hit_count, hour18_hit_count, hour19_hit_count, hour20_hit_count, hour21_hit_count, hour22_hit_count, hour23_hit_count, create_date, update_date)
VALUES
  (88403, 23, 'W', 'D', '20141025', '20141125', 'K', '', '', '', '톰크루즈', '케이티홈즈', '', '', 0, 66, 4, 6, 3, 0, 1, 4, 1, 2, 0, 4, 3, 3, 6, 3, 4, 6, 0, 6, 0, 2, 6, 2, 0, 4, '20141025122510', '20141025122510');

INSERT INTO task
  (task_id, purchase_id, device_type, site_type, start_date, end_date, task_type, target_url, target_name, page_id, keyword1, keyword2, keyword3, keyword4, blog_like_count, daily_hit_count, hour00_hit_count, hour01_hit_count, hour02_hit_count, hour03_hit_count, hour04_hit_count, hour05_hit_count, hour06_hit_count, hour07_hit_count, hour08_hit_count, hour09_hit_count, hour10_hit_count, hour11_hit_count, hour12_hit_count, hour13_hit_count, hour14_hit_count, hour15_hit_count, hour16_hit_count, hour17_hit_count, hour18_hit_count, hour19_hit_count, hour20_hit_count, hour21_hit_count, hour22_hit_count, hour23_hit_count, create_date, update_date)
VALUES
  (88404, 24, 'W', 'D', '20141025', '20141125', 'T', 'http://dg.cnbnews.com/news/article.html?no=164832', '케이티 홈즈 위자료 "0원 전망...혼전 계약서 때문"', '164832', '케이티홈즈 위자료', '', '', '', 0, 65, 4, 7, 5, 7, 3, 0, 1, 6, 2, 4, 1, 4, 0, 4, 0, 1, 1, 4, 1, 1, 2, 6, 2, 3, '20141025122510', '20141025122510');

INSERT INTO task
  (task_id, purchase_id, device_type, site_type, start_date, end_date, task_type, target_url, target_name, page_id, keyword1, keyword2, keyword3, keyword4, blog_like_count, daily_hit_count, hour00_hit_count, hour01_hit_count, hour02_hit_count, hour03_hit_count, hour04_hit_count, hour05_hit_count, hour06_hit_count, hour07_hit_count, hour08_hit_count, hour09_hit_count, hour10_hit_count, hour11_hit_count, hour12_hit_count, hour13_hit_count, hour14_hit_count, hour15_hit_count, hour16_hit_count, hour17_hit_count, hour18_hit_count, hour19_hit_count, hour20_hit_count, hour21_hit_count, hour22_hit_count, hour23_hit_count, create_date, update_date)
VALUES
  (88405, 9, 'W', 'D', '20141129', '20141229', 'B', 'http://blog.daum.net/hongsy65/16792826', '', '16792826', '서울 둘레길', '', '', '', 0, 45, 0, 1, 0, 0, 1, 0, 0, 1, 0, 0, 2, 1, 2, 8, 0, 0, 6, 6, 1, 5, 0, 0, 5, 4, '20141129152345', '20141129152345');

INSERT INTO task
  (task_id, purchase_id, device_type, site_type, start_date, end_date, task_type, target_url, target_name, page_id, keyword1, keyword2, keyword3, keyword4, blog_like_count, daily_hit_count, hour00_hit_count, hour01_hit_count, hour02_hit_count, hour03_hit_count, hour04_hit_count, hour05_hit_count, hour06_hit_count, hour07_hit_count, hour08_hit_count, hour09_hit_count, hour10_hit_count, hour11_hit_count, hour12_hit_count, hour13_hit_count, hour14_hit_count, hour15_hit_count, hour16_hit_count, hour17_hit_count, hour18_hit_count, hour19_hit_count, hour20_hit_count, hour21_hit_count, hour22_hit_count, hour23_hit_count, create_date, update_date)
VALUES
  (88811, 4, 'M', 'N', '20141025', '20141225', 'B', 'http://m.blog.naver.com/hellomilja/220161772671', '겨울 슬림바지', '220161772671', '겨울 슬림바지', '', '', '', 20, 50, 1, 0, 0, 0, 0, 1, 1, 0, 1, 1, 1, 1, 5, 3, 3, 3, 4, 7, 3, 2, 2, 2, 3, 5, '20141025122510', '20141129145853');

INSERT INTO task
  (task_id, purchase_id, device_type, site_type, start_date, end_date, task_type, target_url, target_name, page_id, keyword1, keyword2, keyword3, keyword4, blog_like_count, daily_hit_count, hour00_hit_count, hour01_hit_count, hour02_hit_count, hour03_hit_count, hour04_hit_count, hour05_hit_count, hour06_hit_count, hour07_hit_count, hour08_hit_count, hour09_hit_count, hour10_hit_count, hour11_hit_count, hour12_hit_count, hour13_hit_count, hour14_hit_count, hour15_hit_count, hour16_hit_count, hour17_hit_count, hour18_hit_count, hour19_hit_count, hour20_hit_count, hour21_hit_count, hour22_hit_count, hour23_hit_count, create_date, update_date)
VALUES
  (88812, 4, 'M', 'N', '20141025', '20141225', 'B', 'http://m.blog.naver.com/romantics75/220181328738', '', '220181328738', '파리 여행', '', '', '', 200, 60, 0, 1, 0, 1, 1, 0, 0, 2, 1, 2, 1, 0, 0, 9, 4, 11, 6, 0, 0, 6, 3, 8, 4, 0, '20141025122510', '20141129150020');

INSERT INTO task
  (task_id, purchase_id, device_type, site_type, start_date, end_date, task_type, target_url, target_name, page_id, keyword1, keyword2, keyword3, keyword4, blog_like_count, daily_hit_count, hour00_hit_count, hour01_hit_count, hour02_hit_count, hour03_hit_count, hour04_hit_count, hour05_hit_count, hour06_hit_count, hour07_hit_count, hour08_hit_count, hour09_hit_count, hour10_hit_count, hour11_hit_count, hour12_hit_count, hour13_hit_count, hour14_hit_count, hour15_hit_count, hour16_hit_count, hour17_hit_count, hour18_hit_count, hour19_hit_count, hour20_hit_count, hour21_hit_count, hour22_hit_count, hour23_hit_count, create_date, update_date)
VALUES
  (88813, 6, 'M', 'D', '20141025', '20141225', 'B', 'http://m.blog.daum.net/prettymom201/16153469', '', '16153469', '노르웨이 고등어', '', '', '', 550, 65, 5, 5, 4, 3, 0, 3, 7, 5, 6, 3, 1, 7, 3, 1, 0, 4, 1, 2, 1, 7, 7, 1, 5, 1, '20141025122510', '20141129150227');

INSERT INTO task
  (task_id, purchase_id, device_type, site_type, start_date, end_date, task_type, target_url, target_name, page_id, keyword1, keyword2, keyword3, keyword4, blog_like_count, daily_hit_count, hour00_hit_count, hour01_hit_count, hour02_hit_count, hour03_hit_count, hour04_hit_count, hour05_hit_count, hour06_hit_count, hour07_hit_count, hour08_hit_count, hour09_hit_count, hour10_hit_count, hour11_hit_count, hour12_hit_count, hour13_hit_count, hour14_hit_count, hour15_hit_count, hour16_hit_count, hour17_hit_count, hour18_hit_count, hour19_hit_count, hour20_hit_count, hour21_hit_count, hour22_hit_count, hour23_hit_count, create_date, update_date)
VALUES
  (88814, 6, 'M', 'D', '20141025', '20141225', 'B', 'http://m.blog.daum.net/chkwon1004/18357038', '', '18357038', '혜성착륙', '', '', '', 3, 65, 1, 0, 1, 1, 0, 0, 2, 0, 2, 1, 1, 0, 9, 4, 6, 8, 3, 2, 7, 3, 4, 5, 2, 1, '20141025122510', '20141129150328');

INSERT INTO task
  (task_id, purchase_id, device_type, site_type, start_date, end_date, task_type, target_url, target_name, page_id, keyword1, keyword2, keyword3, keyword4, blog_like_count, daily_hit_count, hour00_hit_count, hour01_hit_count, hour02_hit_count, hour03_hit_count, hour04_hit_count, hour05_hit_count, hour06_hit_count, hour07_hit_count, hour08_hit_count, hour09_hit_count, hour10_hit_count, hour11_hit_count, hour12_hit_count, hour13_hit_count, hour14_hit_count, hour15_hit_count, hour16_hit_count, hour17_hit_count, hour18_hit_count, hour19_hit_count, hour20_hit_count, hour21_hit_count, hour22_hit_count, hour23_hit_count, create_date, update_date)
VALUES
  (88815, 8, 'M', 'D', '20141025', '20141225', 'B', 'http://m.blog.naver.com/j_r_k/220182557803', '', '220182557803', '노르웨이 고등어', '', '', '', 15, 40, 3, 3, 1, 4, 3, 0, 1, 1, 0, 0, 0, 0, 1, 1, 0, 1, 1, 0, 5, 5, 1, 5, 4, 0, '20141025122510', '20141129150432');

INSERT INTO task
  (task_id, purchase_id, device_type, site_type, start_date, end_date, task_type, target_url, target_name, page_id, keyword1, keyword2, keyword3, keyword4, blog_like_count, daily_hit_count, hour00_hit_count, hour01_hit_count, hour02_hit_count, hour03_hit_count, hour04_hit_count, hour05_hit_count, hour06_hit_count, hour07_hit_count, hour08_hit_count, hour09_hit_count, hour10_hit_count, hour11_hit_count, hour12_hit_count, hour13_hit_count, hour14_hit_count, hour15_hit_count, hour16_hit_count, hour17_hit_count, hour18_hit_count, hour19_hit_count, hour20_hit_count, hour21_hit_count, hour22_hit_count, hour23_hit_count, create_date, update_date)
VALUES
  (88816, 8, 'M', 'D', '20141025', '20141225', 'B', 'http://blog.daum.net/cheonym/16507144', '', '16507144', '서울 둘레길', '', '', '', 5, 45, 1, 5, 4, 0, 4, 1, 0, 1, 1, 0, 0, 0, 0, 1, 1, 0, 2, 0, 2, 8, 6, 0, 5, 1, '20141025122510', '20141129150520');

INSERT INTO task
  (task_id, purchase_id, device_type, site_type, start_date, end_date, task_type, target_url, target_name, page_id, keyword1, keyword2, keyword3, keyword4, blog_like_count, daily_hit_count, hour00_hit_count, hour01_hit_count, hour02_hit_count, hour03_hit_count, hour04_hit_count, hour05_hit_count, hour06_hit_count, hour07_hit_count, hour08_hit_count, hour09_hit_count, hour10_hit_count, hour11_hit_count, hour12_hit_count, hour13_hit_count, hour14_hit_count, hour15_hit_count, hour16_hit_count, hour17_hit_count, hour18_hit_count, hour19_hit_count, hour20_hit_count, hour21_hit_count, hour22_hit_count, hour23_hit_count, create_date, update_date)
VALUES
  (88817, 8, 'M', 'D', '20141025', '20141225', 'B', 'http://kaysyluvg.tistory.com/530', '', '530', '서울 둘레길', '', '', '', 5, 67, 1, 2, 0, 1, 1, 1, 4, 9, 0, 6, 8, 6, 2, 7, 0, 4, 6, 4, 0, 1, 0, 0, 1, 1, '20141025122510', '20141129151722');

INSERT INTO task
  (task_id, purchase_id, device_type, site_type, start_date, end_date, task_type, target_url, target_name, page_id, keyword1, keyword2, keyword3, keyword4, blog_like_count, daily_hit_count, hour00_hit_count, hour01_hit_count, hour02_hit_count, hour03_hit_count, hour04_hit_count, hour05_hit_count, hour06_hit_count, hour07_hit_count, hour08_hit_count, hour09_hit_count, hour10_hit_count, hour11_hit_count, hour12_hit_count, hour13_hit_count, hour14_hit_count, hour15_hit_count, hour16_hit_count, hour17_hit_count, hour18_hit_count, hour19_hit_count, hour20_hit_count, hour21_hit_count, hour22_hit_count, hour23_hit_count, create_date, update_date)
VALUES
  (88818, 5, 'W', 'N', '20141025', '20141225', 'B', 'http://blog.naver.com/papatree11/220182272129', '', '220182272129', '겨울왕국', '', '', '', 10, 20, 1, 0, 1, 0, 0, 0, 3, 0, 2, 0, 3, 2, 2, 0, 1, 0, 2, 2, 1, 0, 0, 0, 0, 0, '20141025122510', '20141129151914');

INSERT INTO task
  (task_id, purchase_id, device_type, site_type, start_date, end_date, task_type, target_url, target_name, page_id, keyword1, keyword2, keyword3, keyword4, blog_like_count, daily_hit_count, hour00_hit_count, hour01_hit_count, hour02_hit_count, hour03_hit_count, hour04_hit_count, hour05_hit_count, hour06_hit_count, hour07_hit_count, hour08_hit_count, hour09_hit_count, hour10_hit_count, hour11_hit_count, hour12_hit_count, hour13_hit_count, hour14_hit_count, hour15_hit_count, hour16_hit_count, hour17_hit_count, hour18_hit_count, hour19_hit_count, hour20_hit_count, hour21_hit_count, hour22_hit_count, hour23_hit_count, create_date, update_date)
VALUES
  (88819, 5, 'W', 'N', '20141025', '20141225', 'B', 'http://blog.naver.com/eunrang76/220179459783', '', '220179459783', '겨울왕국', '', '', '', 200, 68, 0, 1, 0, 1, 0, 4, 3, 6, 1, 6, 1, 17, 2, 4, 0, 4, 1, 12, 0, 0, 0, 1, 0, 2, '20141025122510', '20141129152035');

INSERT INTO task
  (task_id, purchase_id, device_type, site_type, start_date, end_date, task_type, target_url, target_name, page_id, keyword1, keyword2, keyword3, keyword4, blog_like_count, daily_hit_count, hour00_hit_count, hour01_hit_count, hour02_hit_count, hour03_hit_count, hour04_hit_count, hour05_hit_count, hour06_hit_count, hour07_hit_count, hour08_hit_count, hour09_hit_count, hour10_hit_count, hour11_hit_count, hour12_hit_count, hour13_hit_count, hour14_hit_count, hour15_hit_count, hour16_hit_count, hour17_hit_count, hour18_hit_count, hour19_hit_count, hour20_hit_count, hour21_hit_count, hour22_hit_count, hour23_hit_count, create_date, update_date)
VALUES
  (88820, 7, 'W', 'D', '20141025', '20141225', 'B', 'http://blog.daum.net/han0114/16698825', '', '16698825', '해양탐사용 물고기 로봇 등장', '', '', '', 550, 66, 0, 0, 0, 2, 1, 3, 1, 1, 0, 8, 8, 15, 1, 1, 0, 6, 5, 10, 0, 0, 0, 1, 1, 1, '20141025122510', '20141129152146');

INSERT INTO task
  (task_id, purchase_id, device_type, site_type, start_date, end_date, task_type, target_url, target_name, page_id, keyword1, keyword2, keyword3, keyword4, blog_like_count, daily_hit_count, hour00_hit_count, hour01_hit_count, hour02_hit_count, hour03_hit_count, hour04_hit_count, hour05_hit_count, hour06_hit_count, hour07_hit_count, hour08_hit_count, hour09_hit_count, hour10_hit_count, hour11_hit_count, hour12_hit_count, hour13_hit_count, hour14_hit_count, hour15_hit_count, hour16_hit_count, hour17_hit_count, hour18_hit_count, hour19_hit_count, hour20_hit_count, hour21_hit_count, hour22_hit_count, hour23_hit_count, create_date, update_date)
VALUES
  (88821, 9, 'W', 'D', '20141025', '20141225', 'B', 'http://blog.daum.net/gangseo/17978826', '', '17978826', '혜성착륙', '', '', '', 3, 65, 2, 1, 0, 2, 1, 0, 9, 5, 0, 11, 6, 1, 6, 4, 0, 8, 3, 1, 1, 1, 0, 1, 0, 0, '20141025122510', '20141129152235');

INSERT INTO task
  (task_id, purchase_id, device_type, site_type, start_date, end_date, task_type, target_url, target_name, page_id, keyword1, keyword2, keyword3, keyword4, blog_like_count, daily_hit_count, hour00_hit_count, hour01_hit_count, hour02_hit_count, hour03_hit_count, hour04_hit_count, hour05_hit_count, hour06_hit_count, hour07_hit_count, hour08_hit_count, hour09_hit_count, hour10_hit_count, hour11_hit_count, hour12_hit_count, hour13_hit_count, hour14_hit_count, hour15_hit_count, hour16_hit_count, hour17_hit_count, hour18_hit_count, hour19_hit_count, hour20_hit_count, hour21_hit_count, hour22_hit_count, hour23_hit_count, create_date, update_date)
VALUES
  (7700406, 9, 'W', 'D', '20141129', '20141229', 'B', 'http://blog.daum.net/hongsy65/16792826', '', '16792826', '서울 둘레길', '', '', '', 0, 57, 0, 1, 1, 0, 0, 0, 0, 1, 2, 0, 0, 2, 1, 5, 7, 1, 2, 7, 1, 3, 6, 0, 2, 5, '20141129154957', '20141129154957');

INSERT INTO task
  (task_id, purchase_id, device_type, site_type, start_date, end_date, task_type, target_url, target_name, page_id, keyword1, keyword2, keyword3, keyword4, blog_like_count, daily_hit_count, hour00_hit_count, hour01_hit_count, hour02_hit_count, hour03_hit_count, hour04_hit_count, hour05_hit_count, hour06_hit_count, hour07_hit_count, hour08_hit_count, hour09_hit_count, hour10_hit_count, hour11_hit_count, hour12_hit_count, hour13_hit_count, hour14_hit_count, hour15_hit_count, hour16_hit_count, hour17_hit_count, hour18_hit_count, hour19_hit_count, hour20_hit_count, hour21_hit_count, hour22_hit_count, hour23_hit_count, create_date, update_date)
VALUES
  (7700407, 7, 'W', 'D', '20141129', '20141229', 'B', 'http://blog.daum.net/cheonym/16507144', '', '16507144', '서울 둘레길', '', '', '', 0, 50, 1, 0, 0, 1, 0, 0, 1, 0, 1, 2, 0, 1, 7, 1, 3, 8, 0, 6, 5, 1, 2, 6, 0, 3, '20141129155153', '20141129155153');

INSERT INTO task
  (task_id, purchase_id, device_type, site_type, start_date, end_date, task_type, target_url, target_name, page_id, keyword1, keyword2, keyword3, keyword4, blog_like_count, daily_hit_count, hour00_hit_count, hour01_hit_count, hour02_hit_count, hour03_hit_count, hour04_hit_count, hour05_hit_count, hour06_hit_count, hour07_hit_count, hour08_hit_count, hour09_hit_count, hour10_hit_count, hour11_hit_count, hour12_hit_count, hour13_hit_count, hour14_hit_count, hour15_hit_count, hour16_hit_count, hour17_hit_count, hour18_hit_count, hour19_hit_count, hour20_hit_count, hour21_hit_count, hour22_hit_count, hour23_hit_count, create_date, update_date)
VALUES
  (7700408, 7, 'W', 'D', '20141129', '20141229', 'B', 'http://kaysyluvg.tistory.com/530', '', '530', '서울 둘레길', '', '', '', 5, 50, 1, 0, 1, 0, 0, 0, 1, 0, 1, 1, 0, 2, 8, 0, 5, 3, 0, 9, 5, 0, 4, 2, 0, 6, '20141129155226', '20141129155226');

INSERT INTO task
  (task_id, purchase_id, device_type, site_type, start_date, end_date, task_type, target_url, target_name, page_id, keyword1, keyword2, keyword3, keyword4, blog_like_count, daily_hit_count, hour00_hit_count, hour01_hit_count, hour02_hit_count, hour03_hit_count, hour04_hit_count, hour05_hit_count, hour06_hit_count, hour07_hit_count, hour08_hit_count, hour09_hit_count, hour10_hit_count, hour11_hit_count, hour12_hit_count, hour13_hit_count, hour14_hit_count, hour15_hit_count, hour16_hit_count, hour17_hit_count, hour18_hit_count, hour19_hit_count, hour20_hit_count, hour21_hit_count, hour22_hit_count, hour23_hit_count, create_date, update_date)
VALUES
  (7700409, 14, 'M', 'N', '20141129', '20141229', 'K', 'http://m.blog.naver.com/hellomilja/220161772671', '', '220161772671', '겨울 슬림바지', '겨울 슬림자켓', '', '', 0, 60, 1, 1, 2, 0, 0, 2, 4, 4, 9, 2, 2, 9, 3, 3, 6, 1, 1, 7, 0, 0, 1, 0, 0, 2, '20141129155334', '20141129155401');

INSERT INTO task
  (task_id, purchase_id, device_type, site_type, start_date, end_date, task_type, target_url, target_name, page_id, keyword1, keyword2, keyword3, keyword4, blog_like_count, daily_hit_count, hour00_hit_count, hour01_hit_count, hour02_hit_count, hour03_hit_count, hour04_hit_count, hour05_hit_count, hour06_hit_count, hour07_hit_count, hour08_hit_count, hour09_hit_count, hour10_hit_count, hour11_hit_count, hour12_hit_count, hour13_hit_count, hour14_hit_count, hour15_hit_count, hour16_hit_count, hour17_hit_count, hour18_hit_count, hour19_hit_count, hour20_hit_count, hour21_hit_count, hour22_hit_count, hour23_hit_count, create_date, update_date)
VALUES
  (7700410, 22, 'M', 'N', '20141129', '20141229', 'K', 'http://m.blog.naver.com/romantics75/220181328738', '', '220181328738', '파리 여행', '벨기에', '', '', 0, 50, 1, 1, 0, 0, 0, 3, 7, 6, 0, 1, 0, 11, 4, 4, 0, 1, 0, 8, 1, 1, 0, 0, 0, 0, '20141129155528', '20141129155528');

INSERT INTO task
  (task_id, purchase_id, device_type, site_type, start_date, end_date, task_type, target_url, target_name, page_id, keyword1, keyword2, keyword3, keyword4, blog_like_count, daily_hit_count, hour00_hit_count, hour01_hit_count, hour02_hit_count, hour03_hit_count, hour04_hit_count, hour05_hit_count, hour06_hit_count, hour07_hit_count, hour08_hit_count, hour09_hit_count, hour10_hit_count, hour11_hit_count, hour12_hit_count, hour13_hit_count, hour14_hit_count, hour15_hit_count, hour16_hit_count, hour17_hit_count, hour18_hit_count, hour19_hit_count, hour20_hit_count, hour21_hit_count, hour22_hit_count, hour23_hit_count, create_date, update_date)
VALUES
  (7700411, 12, 'M', 'D', '20141129', '20141229', 'K', '', '', '', '노르웨이 고등어', '철쭉', '', '', 0, 60, 0, 1, 1, 1, 1, 2, 0, 4, 5, 7, 6, 8, 0, 3, 4, 5, 4, 5, 0, 0, 0, 1, 1, 1, '20141129155602', '20141129155602');

INSERT INTO task
  (task_id, purchase_id, device_type, site_type, start_date, end_date, task_type, target_url, target_name, page_id, keyword1, keyword2, keyword3, keyword4, blog_like_count, daily_hit_count, hour00_hit_count, hour01_hit_count, hour02_hit_count, hour03_hit_count, hour04_hit_count, hour05_hit_count, hour06_hit_count, hour07_hit_count, hour08_hit_count, hour09_hit_count, hour10_hit_count, hour11_hit_count, hour12_hit_count, hour13_hit_count, hour14_hit_count, hour15_hit_count, hour16_hit_count, hour17_hit_count, hour18_hit_count, hour19_hit_count, hour20_hit_count, hour21_hit_count, hour22_hit_count, hour23_hit_count, create_date, update_date)
VALUES
  (7700412, 12, 'M', 'D', '20141129', '20141229', 'K', '', '', '', '혜성착륙', '철쭉', '', '', 0, 50, 1, 2, 3, 12, 2, 5, 1, 1, 2, 8, 2, 3, 0, 0, 0, 1, 0, 1, 0, 0, 0, 3, 1, 1, '20141129155643', '20141129155643');

INSERT INTO task
  (task_id, purchase_id, device_type, site_type, start_date, end_date, task_type, target_url, target_name, page_id, keyword1, keyword2, keyword3, keyword4, blog_like_count, daily_hit_count, hour00_hit_count, hour01_hit_count, hour02_hit_count, hour03_hit_count, hour04_hit_count, hour05_hit_count, hour06_hit_count, hour07_hit_count, hour08_hit_count, hour09_hit_count, hour10_hit_count, hour11_hit_count, hour12_hit_count, hour13_hit_count, hour14_hit_count, hour15_hit_count, hour16_hit_count, hour17_hit_count, hour18_hit_count, hour19_hit_count, hour20_hit_count, hour21_hit_count, hour22_hit_count, hour23_hit_count, create_date, update_date)
VALUES
  (7700413, 12, 'M', 'D', '20141129', '20141229', 'K', '', '', '', '노르웨이 고등어', '대구', '', '', 0, 50, 2, 8, 6, 0, 8, 1, 1, 5, 4, 0, 6, 1, 0, 1, 1, 0, 0, 0, 0, 2, 1, 0, 2, 0, '20141129155705', '20141129155705');

INSERT INTO task
  (task_id, purchase_id, device_type, site_type, start_date, end_date, task_type, target_url, target_name, page_id, keyword1, keyword2, keyword3, keyword4, blog_like_count, daily_hit_count, hour00_hit_count, hour01_hit_count, hour02_hit_count, hour03_hit_count, hour04_hit_count, hour05_hit_count, hour06_hit_count, hour07_hit_count, hour08_hit_count, hour09_hit_count, hour10_hit_count, hour11_hit_count, hour12_hit_count, hour13_hit_count, hour14_hit_count, hour15_hit_count, hour16_hit_count, hour17_hit_count, hour18_hit_count, hour19_hit_count, hour20_hit_count, hour21_hit_count, hour22_hit_count, hour23_hit_count, create_date, update_date)
VALUES
  (7700414, 20, 'M', 'D', '20141129', '20141229', 'K', '', '', '', '서울 둘레길', '젓갈', '', '', 0, 50, 1, 9, 5, 6, 3, 1, 1, 6, 4, 4, 2, 0, 0, 1, 1, 0, 0, 0, 0, 2, 1, 1, 1, 0, '20141129155728', '20141129155728');

INSERT INTO task
  (task_id, purchase_id, device_type, site_type, start_date, end_date, task_type, target_url, target_name, page_id, keyword1, keyword2, keyword3, keyword4, blog_like_count, daily_hit_count, hour00_hit_count, hour01_hit_count, hour02_hit_count, hour03_hit_count, hour04_hit_count, hour05_hit_count, hour06_hit_count, hour07_hit_count, hour08_hit_count, hour09_hit_count, hour10_hit_count, hour11_hit_count, hour12_hit_count, hour13_hit_count, hour14_hit_count, hour15_hit_count, hour16_hit_count, hour17_hit_count, hour18_hit_count, hour19_hit_count, hour20_hit_count, hour21_hit_count, hour22_hit_count, hour23_hit_count, create_date, update_date)
VALUES
  (7700415, 20, 'M', 'D', '20141129', '20141229', 'K', '', '', '', '서울 둘레길', '철쭉', '', '', 0, 50, 7, 7, 0, 1, 4, 6, 4, 5, 0, 1, 3, 4, 1, 1, 0, 0, 0, 0, 1, 1, 0, 0, 1, 2, '20141129155741', '20141129155741');

INSERT INTO task
  (task_id, purchase_id, device_type, site_type, start_date, end_date, task_type, target_url, target_name, page_id, keyword1, keyword2, keyword3, keyword4, blog_like_count, daily_hit_count, hour00_hit_count, hour01_hit_count, hour02_hit_count, hour03_hit_count, hour04_hit_count, hour05_hit_count, hour06_hit_count, hour07_hit_count, hour08_hit_count, hour09_hit_count, hour10_hit_count, hour11_hit_count, hour12_hit_count, hour13_hit_count, hour14_hit_count, hour15_hit_count, hour16_hit_count, hour17_hit_count, hour18_hit_count, hour19_hit_count, hour20_hit_count, hour21_hit_count, hour22_hit_count, hour23_hit_count, create_date, update_date)
VALUES
  (7700416, 15, 'W', 'N', '20141129', '20141229', 'K', 'http://m.blog.naver.com/hellomilja/220161772671', '', '220161772671', '겨울 슬림바지', '겨울 슬림자켓', '', '', 0, 50, 3, 1, 1, 1, 14, 5, 2, 1, 1, 0, 10, 3, 0, 0, 0, 0, 2, 0, 0, 0, 0, 0, 4, 1, '20141129155841', '20141129155841');

INSERT INTO task
  (task_id, purchase_id, device_type, site_type, start_date, end_date, task_type, target_url, target_name, page_id, keyword1, keyword2, keyword3, keyword4, blog_like_count, daily_hit_count, hour00_hit_count, hour01_hit_count, hour02_hit_count, hour03_hit_count, hour04_hit_count, hour05_hit_count, hour06_hit_count, hour07_hit_count, hour08_hit_count, hour09_hit_count, hour10_hit_count, hour11_hit_count, hour12_hit_count, hour13_hit_count, hour14_hit_count, hour15_hit_count, hour16_hit_count, hour17_hit_count, hour18_hit_count, hour19_hit_count, hour20_hit_count, hour21_hit_count, hour22_hit_count, hour23_hit_count, create_date, update_date)
VALUES
  (7700417, 15, 'W', 'N', '20141129', '20141229', 'K', 'http://m.blog.naver.com/romantics75/220181328738', '', '220181328738', '파리 여행', '벨기에', '', '', 0, 50, 1, 4, 0, 5, 1, 6, 0, 1, 0, 1, 0, 0, 0, 1, 0, 1, 0, 3, 2, 6, 0, 7, 1, 9, '20141129155919', '20141129155919');

INSERT INTO task
  (task_id, purchase_id, device_type, site_type, start_date, end_date, task_type, target_url, target_name, page_id, keyword1, keyword2, keyword3, keyword4, blog_like_count, daily_hit_count, hour00_hit_count, hour01_hit_count, hour02_hit_count, hour03_hit_count, hour04_hit_count, hour05_hit_count, hour06_hit_count, hour07_hit_count, hour08_hit_count, hour09_hit_count, hour10_hit_count, hour11_hit_count, hour12_hit_count, hour13_hit_count, hour14_hit_count, hour15_hit_count, hour16_hit_count, hour17_hit_count, hour18_hit_count, hour19_hit_count, hour20_hit_count, hour21_hit_count, hour22_hit_count, hour23_hit_count, create_date, update_date)
VALUES
  (7700418, 13, 'W', 'D', '20141129', '20141229', 'K', '', '', '', '혜성착륙', '철쭉', '', '', 0, 50, 4, 2, 5, 4, 0, 2, 1, 0, 1, 0, 0, 0, 1, 0, 2, 1, 0, 1, 7, 3, 6, 5, 0, 4, '20141129160043', '20141129160043');

INSERT INTO task
  (task_id, purchase_id, device_type, site_type, start_date, end_date, task_type, target_url, target_name, page_id, keyword1, keyword2, keyword3, keyword4, blog_like_count, daily_hit_count, hour00_hit_count, hour01_hit_count, hour02_hit_count, hour03_hit_count, hour04_hit_count, hour05_hit_count, hour06_hit_count, hour07_hit_count, hour08_hit_count, hour09_hit_count, hour10_hit_count, hour11_hit_count, hour12_hit_count, hour13_hit_count, hour14_hit_count, hour15_hit_count, hour16_hit_count, hour17_hit_count, hour18_hit_count, hour19_hit_count, hour20_hit_count, hour21_hit_count, hour22_hit_count, hour23_hit_count, create_date, update_date)
VALUES
  (7700419, 13, 'W', 'D', '20141129', '20141229', 'K', '', '', '', '노르웨이 고등어', '대구', '', '', 0, 50, 4, 4, 2, 1, 4, 2, 1, 1, 0, 0, 0, 0, 1, 1, 0, 1, 2, 0, 6, 5, 3, 2, 7, 2, '20141129160102', '20141129160102');

INSERT INTO task
  (task_id, purchase_id, device_type, site_type, start_date, end_date, task_type, target_url, target_name, page_id, keyword1, keyword2, keyword3, keyword4, blog_like_count, daily_hit_count, hour00_hit_count, hour01_hit_count, hour02_hit_count, hour03_hit_count, hour04_hit_count, hour05_hit_count, hour06_hit_count, hour07_hit_count, hour08_hit_count, hour09_hit_count, hour10_hit_count, hour11_hit_count, hour12_hit_count, hour13_hit_count, hour14_hit_count, hour15_hit_count, hour16_hit_count, hour17_hit_count, hour18_hit_count, hour19_hit_count, hour20_hit_count, hour21_hit_count, hour22_hit_count, hour23_hit_count, create_date, update_date)
VALUES
  (7700420, 13, 'W', 'D', '20141129', '20141229', 'K', '', '', '', '서울 둘레길', '젓갈', '', '', 0, 50, 5, 3, 0, 5, 1, 3, 1, 1, 0, 0, 0, 0, 1, 1, 0, 2, 0, 1, 7, 5, 0, 6, 2, 5, '20141129160117', '20141129160117');

INSERT INTO task
  (task_id, purchase_id, device_type, site_type, start_date, end_date, task_type, target_url, target_name, page_id, keyword1, keyword2, keyword3, keyword4, blog_like_count, daily_hit_count, hour00_hit_count, hour01_hit_count, hour02_hit_count, hour03_hit_count, hour04_hit_count, hour05_hit_count, hour06_hit_count, hour07_hit_count, hour08_hit_count, hour09_hit_count, hour10_hit_count, hour11_hit_count, hour12_hit_count, hour13_hit_count, hour14_hit_count, hour15_hit_count, hour16_hit_count, hour17_hit_count, hour18_hit_count, hour19_hit_count, hour20_hit_count, hour21_hit_count, hour22_hit_count, hour23_hit_count, create_date, update_date)
VALUES
  (7700421, 18, 'W', 'N', '20141129', '20141229', 'T', 'http://www.lagopension.co.kr/', '', '', '펜션예약', '', '', '', 0, 50, 1, 3, 2, 4, 7, 0, 0, 0, 0, 1, 1, 0, 0, 1, 1, 1, 2, 0, 2, 4, 3, 6, 9, 1, '20141129160210', '20141129160210');

INSERT INTO task
  (task_id, purchase_id, device_type, site_type, start_date, end_date, task_type, target_url, target_name, page_id, keyword1, keyword2, keyword3, keyword4, blog_like_count, daily_hit_count, hour00_hit_count, hour01_hit_count, hour02_hit_count, hour03_hit_count, hour04_hit_count, hour05_hit_count, hour06_hit_count, hour07_hit_count, hour08_hit_count, hour09_hit_count, hour10_hit_count, hour11_hit_count, hour12_hit_count, hour13_hit_count, hour14_hit_count, hour15_hit_count, hour16_hit_count, hour17_hit_count, hour18_hit_count, hour19_hit_count, hour20_hit_count, hour21_hit_count, hour22_hit_count, hour23_hit_count, create_date, update_date)
VALUES
  (7700422, 18, 'W', 'N', '20141129', '20141229', 'T', 'http://www.paptour.com/', '', '', '파리 여행', '벨기에', '', '', 0, 50, 5, 4, 0, 4, 2, 10, 3, 2, 0, 3, 1, 8, 1, 0, 0, 0, 0, 1, 1, 0, 0, 1, 0, 3, '20141129160237', '20141129160237');

INSERT INTO task
  (task_id, purchase_id, device_type, site_type, start_date, end_date, task_type, target_url, target_name, page_id, keyword1, keyword2, keyword3, keyword4, blog_like_count, daily_hit_count, hour00_hit_count, hour01_hit_count, hour02_hit_count, hour03_hit_count, hour04_hit_count, hour05_hit_count, hour06_hit_count, hour07_hit_count, hour08_hit_count, hour09_hit_count, hour10_hit_count, hour11_hit_count, hour12_hit_count, hour13_hit_count, hour14_hit_count, hour15_hit_count, hour16_hit_count, hour17_hit_count, hour18_hit_count, hour19_hit_count, hour20_hit_count, hour21_hit_count, hour22_hit_count, hour23_hit_count, create_date, update_date)
VALUES
  (7700423, 16, 'M', 'D', '20141129', '20141229', 'T', 'http://www.norei.co.kr/', '', '', '노르웨이 고등어', '철쭉', '', '', 0, 50, 5, 4, 7, 3, 5, 1, 3, 3, 5, 2, 4, 0, 1, 1, 0, 0, 0, 0, 1, 1, 1, 1, 1, 0, '20141129160312', '20141129160312');

INSERT INTO task
  (task_id, purchase_id, device_type, site_type, start_date, end_date, task_type, target_url, target_name, page_id, keyword1, keyword2, keyword3, keyword4, blog_like_count, daily_hit_count, hour00_hit_count, hour01_hit_count, hour02_hit_count, hour03_hit_count, hour04_hit_count, hour05_hit_count, hour06_hit_count, hour07_hit_count, hour08_hit_count, hour09_hit_count, hour10_hit_count, hour11_hit_count, hour12_hit_count, hour13_hit_count, hour14_hit_count, hour15_hit_count, hour16_hit_count, hour17_hit_count, hour18_hit_count, hour19_hit_count, hour20_hit_count, hour21_hit_count, hour22_hit_count, hour23_hit_count, create_date, update_date)
VALUES
  (7700424, 16, 'M', 'D', '20141129', '20141229', 'T', 'http://www.esa.int/Our_Activities/Space_Science/Rosetta/', '', '', '헤성착륙', '철쭉', '', '', 0, 50, 8, 3, 4, 4, 0, 6, 5, 2, 3, 3, 0, 4, 1, 1, 0, 0, 0, 0, 1, 1, 1, 1, 0, 1, '20141129160338', '20141129160338');

INSERT INTO task
  (task_id, purchase_id, device_type, site_type, start_date, end_date, task_type, target_url, target_name, page_id, keyword1, keyword2, keyword3, keyword4, blog_like_count, daily_hit_count, hour00_hit_count, hour01_hit_count, hour02_hit_count, hour03_hit_count, hour04_hit_count, hour05_hit_count, hour06_hit_count, hour07_hit_count, hour08_hit_count, hour09_hit_count, hour10_hit_count, hour11_hit_count, hour12_hit_count, hour13_hit_count, hour14_hit_count, hour15_hit_count, hour16_hit_count, hour17_hit_count, hour18_hit_count, hour19_hit_count, hour20_hit_count, hour21_hit_count, hour22_hit_count, hour23_hit_count, create_date, update_date)
VALUES
  (7700425, 16, 'M', 'D', '20141129', '20141229', 'T', 'http://blog.naver.com/moumo11', '', '', '노르웨이 고등어', '대구', '', '', 0, 50, 0, 2, 0, 1, 0, 2, 2, 7, 1, 5, 1, 9, 1, 4, 1, 4, 0, 7, 0, 1, 0, 1, 0, 0, '20141129160414', '20141129160414');

INSERT INTO task
  (task_id, purchase_id, device_type, site_type, start_date, end_date, task_type, target_url, target_name, page_id, keyword1, keyword2, keyword3, keyword4, blog_like_count, daily_hit_count, hour00_hit_count, hour01_hit_count, hour02_hit_count, hour03_hit_count, hour04_hit_count, hour05_hit_count, hour06_hit_count, hour07_hit_count, hour08_hit_count, hour09_hit_count, hour10_hit_count, hour11_hit_count, hour12_hit_count, hour13_hit_count, hour14_hit_count, hour15_hit_count, hour16_hit_count, hour17_hit_count, hour18_hit_count, hour19_hit_count, hour20_hit_count, hour21_hit_count, hour22_hit_count, hour23_hit_count, create_date, update_date)
VALUES
  (7700426, 16, 'M', 'D', '20141129', '20141229', 'T', 'http://cafe.daum.net/mtsingles', '', '', '서울 둘레길', '젓갈', '', '', 0, 50, 0, 1, 2, 0, 0, 2, 2, 5, 8, 0, 0, 10, 1, 3, 6, 0, 0, 7, 0, 1, 1, 0, 0, 0, '20141129160438', '20141129160438');

INSERT INTO task
  (task_id, purchase_id, device_type, site_type, start_date, end_date, task_type, target_url, target_name, page_id, keyword1, keyword2, keyword3, keyword4, blog_like_count, daily_hit_count, hour00_hit_count, hour01_hit_count, hour02_hit_count, hour03_hit_count, hour04_hit_count, hour05_hit_count, hour06_hit_count, hour07_hit_count, hour08_hit_count, hour09_hit_count, hour10_hit_count, hour11_hit_count, hour12_hit_count, hour13_hit_count, hour14_hit_count, hour15_hit_count, hour16_hit_count, hour17_hit_count, hour18_hit_count, hour19_hit_count, hour20_hit_count, hour21_hit_count, hour22_hit_count, hour23_hit_count, create_date, update_date)
VALUES
  (7700427, 18, 'W', 'N', '20141129', '20141229', 'T', 'http://www.pensionsearch.co.kr/', '', '', '펜션예약', '', '', '', 0, 50, 1, 1, 0, 0, 1, 2, 8, 4, 2, 1, 4, 6, 5, 2, 2, 1, 3, 4, 1, 1, 0, 0, 0, 0, '20141129160538', '20141129160538');

INSERT INTO task
  (task_id, purchase_id, device_type, site_type, start_date, end_date, task_type, target_url, target_name, page_id, keyword1, keyword2, keyword3, keyword4, blog_like_count, daily_hit_count, hour00_hit_count, hour01_hit_count, hour02_hit_count, hour03_hit_count, hour04_hit_count, hour05_hit_count, hour06_hit_count, hour07_hit_count, hour08_hit_count, hour09_hit_count, hour10_hit_count, hour11_hit_count, hour12_hit_count, hour13_hit_count, hour14_hit_count, hour15_hit_count, hour16_hit_count, hour17_hit_count, hour18_hit_count, hour19_hit_count, hour20_hit_count, hour21_hit_count, hour22_hit_count, hour23_hit_count, create_date, update_date)
VALUES
  (7700428, 18, 'W', 'N', '20141129', '20141229', 'T', 'http://www.paptour.com/', '', '', '파리 여행', '벨기에', '', '', 0, 55, 0, 0, 0, 1, 0, 1, 0, 0, 0, 2, 0, 3, 0, 2, 2, 8, 3, 12, 0, 1, 1, 6, 2, 9, '20141129160626', '20141129160626');

INSERT INTO task
  (task_id, purchase_id, device_type, site_type, start_date, end_date, task_type, target_url, target_name, page_id, keyword1, keyword2, keyword3, keyword4, blog_like_count, daily_hit_count, hour00_hit_count, hour01_hit_count, hour02_hit_count, hour03_hit_count, hour04_hit_count, hour05_hit_count, hour06_hit_count, hour07_hit_count, hour08_hit_count, hour09_hit_count, hour10_hit_count, hour11_hit_count, hour12_hit_count, hour13_hit_count, hour14_hit_count, hour15_hit_count, hour16_hit_count, hour17_hit_count, hour18_hit_count, hour19_hit_count, hour20_hit_count, hour21_hit_count, hour22_hit_count, hour23_hit_count, create_date, update_date)
VALUES
  (7700429, 17, 'W', 'D', '20141129', '20141229', 'T', 'http://blog.naver.com/moumo11', '', '', '노르웨이 고등어', '대구', '', '', 0, 55, 0, 1, 1, 0, 0, 0, 0, 1, 2, 0, 2, 0, 3, 6, 8, 1, 8, 1, 2, 4, 6, 0, 7, 0, '20141129160805', '20141129160805');

INSERT INTO task
  (task_id, purchase_id, device_type, site_type, start_date, end_date, task_type, target_url, target_name, page_id, keyword1, keyword2, keyword3, keyword4, blog_like_count, daily_hit_count, hour00_hit_count, hour01_hit_count, hour02_hit_count, hour03_hit_count, hour04_hit_count, hour05_hit_count, hour06_hit_count, hour07_hit_count, hour08_hit_count, hour09_hit_count, hour10_hit_count, hour11_hit_count, hour12_hit_count, hour13_hit_count, hour14_hit_count, hour15_hit_count, hour16_hit_count, hour17_hit_count, hour18_hit_count, hour19_hit_count, hour20_hit_count, hour21_hit_count, hour22_hit_count, hour23_hit_count, create_date, update_date)
VALUES
  (7700430, 17, 'W', 'D', '20141129', '20141229', 'T', 'http://cafe.daum.net/mtsingles', '', '', '서울 둘레길', '젓갈', '', '', 0, 55, 0, 1, 0, 1, 0, 0, 0, 2, 0, 2, 1, 0, 1, 8, 1, 10, 6, 1, 1, 6, 1, 7, 3, 1, '20141129160825', '20141129160825');


  /*******************************************************************************************************************
   *******************************************************************************************************************
   *******************************************************************************************************************/

  INSERT INTO user_info
  (user_id, passwd, user_type, email, mobile, phone, company_name, etc, create_date, update_date)
VALUES
  ('admin', 'admin', 'A', 'jinnonsbox@gmail.com', '01042047792', '01042047792', '위두!!', 'Like a boss!!', '20141025122510', '20141025122510');

INSERT INTO user_info
  (user_id, passwd, user_type, email, mobile, phone, company_name, etc, create_date, update_date)
VALUES
  ('customer01', 'customer01', 'C', 'jinnonsbox@gmail.com', '01042047792', '01042047792', '위두!!', 'Like a boss!!', '20141025122510', '20141025122510');

INSERT INTO user_info
  (user_id, passwd, user_type, email, mobile, phone, company_name, etc, create_date, update_date)
VALUES
  ('jjucumi', '1111', 'C', 'jjucumi@gmail.com', '01044445555', '023335555', '강화도쭈꾸미', '', '20141129133811', '20141129133811');

INSERT INTO user_info
  (user_id, passwd, user_type, email, mobile, phone, company_name, etc, create_date, update_date)
VALUES
  ('meatboy', '1111', 'C', 'meatboy@gmail.com', '01044445555', '023335555', '금산상회', '', '20141129133744', '20141129133744');

INSERT INTO user_info
  (user_id, passwd, user_type, email, mobile, phone, company_name, etc, create_date, update_date)
VALUES
  ('take5', '1111', 'C', 'take5@msn.com', '01044445555', '023335555', '노래방 5', '', '20141129133904', '20141129133904');


   /*******************************************************************************************************************
   *******************************************************************************************************************
   *******************************************************************************************************************/
 